stars,review_id
5,DhArGCWJ-XcdaLBPzXh0QA
3,hr7HJzPtUSy4UmrzWjsqIA
2,Qcdn4LEmi_zKVIx2OfwyVA
4,xpqdcTtoRr113sti_nf6Uw
1,xzzc3hZmI0gqcrqmfw7NqA
1,Wfz3CIQ0PN6_IvJipyVkkw
4,Zc4RzHissHH8j7qahyeKmQ
1,UPAl8VerNBzlkxGGqM_0hg
5,nxLaJCRM_PXmnTDk8t5Ffw
4,ncphJ1pMZhqj9DxWcQ3ahg
5,rLJHBVXoGgu0Hee61HsC9g
4,gnYOKIaOstRkS5wKoO7xJQ
5,3c4nv5Z3fUNShFzAPejJog
3,dQNZSatlb4yxIu60ZEVn8Q
4,hgVBdOfHcw7VyigOP0l_2g
3,Yi641phEqoyx4rHGAhCU4A
1,Jgjn88wZnC9YUfJcmeqWlQ
3,ElsdGE12j7psggCcLg2S1A
4,LMZn3Uc7H3RygBTe_Sra4g
3,EkaYjkpL3_p2M0NEWsVtIQ
2,f0GMqhpNq7A8YsjUmsNgKg
3,oQ_ZQMTi2vxHr-EHyOovdA
5,zgYiyGeeWssY82GplX9c7w
3,Hpcudq4CGKL9YogepfgNag
5,jgxmA4u0ZTUD7IJz1f4PEQ
1,308uyEoOmYKEyrJsPVjTNQ
5,h5yBgRpNkysK38FkZ3baSw
1,aFpZVtOTLmSug72C6w5r6w
4,nUAKAM6ZVbBOVE43QhRW9w
3,TBuio-e1E-r7b-LAeUCb4w
5,1zmv3lPX_5IBffImBxtYlg
4,g7a0voLPmUP01xs6Tnq8Cw
4,iRlch0VoIRJ7j5pAxkRRLg
2,uX-x_RrwLgM7O58dn2id1A
2,J6Mv7-3MhGnJn2IakbCBFg
1,2owzxaWC-1_sK6oW1gyjcA
3,JAXbtLFh2UhlZTdl03CPlg
1,kTn8F0ioNaS-6vxQxDENhg
1,G4HLRGyilTR_l2VZtIBmlg
4,oQztWQny03XY14pJACq-_g
5,OcunQG9malQxb1yfkAvLIw
1,8tbyYshQWnfVUbFeJUSv3w
1,clU1HOC0k3J4UVuWLTPUxQ
3,fgnO2_6d3f0oXk1JDhY1Vw
4,hFBLcxAwqedaUUFfzXr2iA
2,1y6tXkrGjg3I9YXXu6yiDg
1,ZRSn1BvgG2CMSt0xo1y-Pg
3,rtWmwn9RomKrbnWFj1OFBg
5,0aU7PxxuNELxR2WR3xHBEw
3,WdUS42WRyrWuVWSA84PFsw
1,MZcDQT-UpYneMRkRhYRuvw
4,r7G13t_0o2FGeWVgTKX3sw
4,Tm7RmNh44coGOT6iLE6NaA
3,joBjrwVP9w4wKxNylKLcxQ
5,ufCiK2nigAl5DIt7pNFsdQ
3,RPEeAswdEj5ATZM7AqcF_w
4,7RmVHtHC9G_g_h4Q0CZ72w
4,PO_gwvIa-_tCJi_BEid_BA
5,ZsduzHHkra8GeroZTQhYxQ
2,AgIFbMzgMtY6GxGVmr4XeQ
4,db431WVWiJ1S06RDSrL0gQ
2,UOwB4h63Ywz4UGWzPLX_4w
4,8CcE4wcdwMJrBoQR4Da50g
5,roEw4f2HIfRWOIFH2Hl-wA
4,msHtrGGq4kSVRvDS0Ti07A
5,bpxUQAMBIE_AKdMq3D6Lyw
3,6bOVkNsJsji1ng-r86GFRw
2,aV_lA6CoXAcpvjkXFUXqKg
4,KWZPMyTpGLy1T8cu-9bR3Q
5,-LD_FDEXYmxyL_HnpZ97lQ
4,3q1oKAUP-OOZM44nepsTsg
4,H0UWIyr7oaeQTxvEezGW-w
2,uHnkGsT9SUdFTk8LQk98uA
3,RUcZFyF4ePuRqj4klMl_QQ
3,oKa-zYPFjrUvFhyEdt7_Ng
4,jn79Osp4VfA3Kur6YeGfIw
2,JSOrRY3DlFXWOoQWo9NcZA
3,iSJPOeORzOnOMvJyL62vXA
4,8em-peL6pr2gXg-w7secKw
4,81JamC1PqQ9Xa_5HawGCog
5,KNrNuZ9_SVMLZe0jKZMOIw
4,j3iA9qjXuhs74p20-alK9Q
2,Kb3VnuGd8QB1SnyX8woydA
4,wcYonLsrbn0gD4VIkX-YBA
2,S2Ox1PzVFE31mbo7aj7J2A
2,Ffe66DafatxWMyEn8vDNLA
1,W_ACF29_nGp6nV3M2mrvkg
2,RvkmWlQpNLd1v8ULjxOU8Q
4,jFDmuASA26Thv-6nV1UDpA
1,_Jl49HaUSx3TN2wLpRX7vQ
5,2dCh-axrL76Chu8AjDvMgw
3,2vOVnEEOuZ3f5eiv9UiLhg
1,bKel7BLJPef1_xb8ecV9gw
2,4fHMRG2Qbkd144jxIijtyA
4,nQczF8ER2CaovdR79ozWzA
3,1lxEYZRBYhtd1N2US5JetQ
1,Rvi675dDAU64E93UDfuZfA
1,XVV3T3lvCvIi0yFZarXnqA
2,mLKukZlaq_7XFrXjnG6AVQ
1,Y58vG9WqWuKlrjuhetnsHQ
5,A66ATz8T1XcCh7yNBy-xuw
1,Q_khkJ-BZjDZ4aPyeSRJjw
4,dSvH0Agp9NaVIpb1ZfP-oA
1,1G_f39Jh4PzqSIHnxcWVhA
3,ckDrdSr5fu26pP_jqFlj1g
5,35gpbIYcsUiYULjVPP6sGw
1,hGQFwFqIsu1-7cECrP7U_A
2,9m-A7OF57qz2UsQ9kY7eyQ
1,oBHyctm9dT_ve4m-NnWqzA
4,1zgpIheNXb6lNvwZu9M5fw
3,Px9sT5rSyqgIjpHNkK67dA
1,yCAQoBMSQP_nB_6dI2gr-Q
5,m19EZfWy3yYfTeVoVJU8Xw
2,MEduxWw4X-mKIeLsSIG5Gw
4,s2mSbDJUAob2FRtd1CBTLw
5,TxyNsi-CpgTMx3mTNQAUDw
3,HOSqiJu8u8VHiaVKLDEsVQ
3,ggfQOy58vly-dxv7fh4G-Q
4,uOY4NtGVS6h-skBj2Zf0rQ
1,9429anmcYIcaEcMptJCNKQ
5,rNWx-IaPkj3qcV7gPMCXag
5,XE6154Ogvn4Gle9Gq4_Vlw
4,ZvfOhG-S09_ooYm3UDOyFA
3,hLC0SpKqF4QU_QMAxySBew
2,XavCdva7ZQ_8dcUlZti6SA
2,SiISn6KRdmvYlTpVNzhcyA
3,1rpOPuZjoe4v_Ykhhv_WxQ
5,e3SWD2PzpevlAtri8w6Hew
3,T9Iwhnoev-d5_xRv1nrgVA
1,zJIXwJp39av4qgmHIZfiDw
2,7KVm5RAU9RC2EcMswHsCog
3,gNSrt_TH-2bo8n4x5a80lA
3,-NDnJEhckEjD850hM80ZPA
3,WvgOqUN1BLRYHq7KPxyUTA
3,lfUZ5bwyTaMpJ53WDKO4wQ
1,_eqiLMUctKmYpeARswzVUg
1,RFq0A58h_fhx1VMXdEvCJQ
4,Le1O-R7aY1_6AemfzcefWw
5,lX63O5NjfSeazzKfIOCIMQ
5,9bilkARrf_AJDwUDsbfPrA
1,i5jGK5A8GN7MjNEa2N0X-g
1,KLtDBdREHR3GkaF6K8jViQ
4,eGjgnmI9B02PuaULqzNv1w
3,55YSQ9lHS6REj9Ld60GMvA
4,SQigh461SnaX9QmplQfovw
1,-rNmwP53_QaZCjnZznhMNg
1,avsCvUNS8rL0vjcqvahCYg
1,j20g8Yy5xHSOn-pe7PCcpg
1,jsHm55p-yGlEzNuQgZkehQ
5,HiOWc0B1kAYhrHdBqHHAWg
2,58BBjemcYtBCOjdzPcrL3w
4,qld0RWPpqALUxAFsXKv8DQ
5,j3Q-oS8E0zP30IWuYcem4g
4,ErbpKz-sfJdliZ5KX30B3Q
4,Wh-EQN3awZfMf8a_5imV8A
2,nPziEP68d_yhkJ4I63sV2g
4,t2o2Bikl_2ZlMpxnUen16w
1,PUwnqBvL6Pyy7-1khhpDFw
1,XR2y1MavGvjX7ZWz3RDClw
2,gU8NfYrKxsS4TNtf6xJtxw
3,7A1O1ztRC492UHS_ApZESA
5,sEHvPz0urFllgb7b6qpAww
4,ZVE5ZzwEIf1_1TeLf7El7g
4,4bQOH3VoZDGB27dHHT38fQ
1,7Hh28EMlNQwB-hkx5ir2sg
2,hAnOOjGi7qXtzHNI4aW_AA
4,LXh3-8o7slhPU7JzF2qxFw
5,uTih6syYZeJvzauiQ3M3kA
4,rJZroAMHMt4NaJF6skI2tA
1,9AalR4KXHed60DnpAG1f5A
5,V6iGow2lED7JI06iTuiPRA
2,Nsr4-yh6_5A1_2iQlgpzVw
5,3imUH5lGMWz6js7yFyYtUw
2,gSLC_Kvh2wjsU03YaLa0gQ
5,DrdlmQAr8TPAYxMW0HKF-Q
3,OB-Y77PkT315eboivNoEOw
1,FYseRQGpwzjuZidjpJawxQ
1,gVoLAykPdJ9KzntNNBS5zA
4,mO2OAtE4Rqs86rkHVRLP4g
1,BkY7M8GiupJRLzyNoe8Rvg
1,Xn6kK-ZxlnpVhd5G5D0eww
1,30hCGjBCs9kvN48c-hfxow
1,6Gy7L7U7jAdL1OFzDrCjzQ
3,6o8RlDcT-i8_N2IXObSI9Q
5,C7OvJjWvgsZzQHyC1q6lgw
1,a2xPfhIvg4MGwUzvn02tlw
1,RcynWDiJej5iK4l4nlU2-w
5,_LoZ-d0ai2bZUU52odbsFQ
5,-4jvGNz9ifjbPS6Zx2TAIA
4,KfbKzNBcA4320aJEbKD8sA
1,-BBgMxLXnccrhGAC-DicSQ
1,r5JEBDJogVJKl-CrSBKazg
1,ZAssr6owYTT-EiD1W5TLIQ
1,S2j6vld1VjjtToKRwAU57w
4,1Zv98cglrm0XrV_J2HZv3g
4,3yQAtBEg-alelQ7JasM7mQ
5,MPyZuiYy0KCYqYvPH6QOLA
2,ltRXsIa3nBnsQ16Wv66VWw
5,Zi0vZHo5p0DECCw77TRY_Q
1,YbZDS_RQJYJukhpISlMt1Q
5,xzmD40h7t4ThNGORgDLLxw
4,bzk_llvkY2Hhv2ZNMx5aHg
4,xGiAMg6joLqxDGUkOoJe7w
1,5muu5tZU7dSYZ1L5VOVgcw
1,APZ-IFwlz34HqLOuZYFi2g
4,byvDX4tvNpEjhyTJqCPj5Q
1,xHEgYRDBzos3RG5r9h-9ng
2,H6n5Ec4l23me0TALiAW3PQ
1,3Zbh1bJ7kAHMk0RVPry88w
1,RDdb14ejd9sXjSxX7Rwf7g
3,PA_yW92R2SItfOGWTb2ZEg
5,q2UzlHXAY1z9aGzirxv9jA
5,E8yegFYrKt4c8blututkWQ
1,xeuTjSybsgvIWjazd115Sg
1,odayiMuLBOoqiCw0yYkhZg
1,eFRWfLfR6YsbG2wXjnAnbQ
1,j_YA2Ie85lU-cOzs_PAyWg
5,uzx4SZmUnSMuFwIHjsQelA
1,6Bz6jOPAtZzNwsHq4xhZsQ
5,xy4dtuefd12OASYfClheGQ
4,aNnl6WkaS-10DEdMIUrWkA
5,xiPnPw1nawrGF-ibFqWcjw
3,ZRZ0tcMUC1KNjxsthNBGnw
4,mv2x8L6-O4zziohxnn6KCw
4,zx39S6W2dXOBO23TW2Okcw
1,k0t9D-_8onKPKmEuPWVf_A
5,AuI3Qnz48erOenNP3opZ5Q
4,LXO05j2jjpBCTFEG9ACtQQ
3,4WIYQ1cKvAqDGpsF2QfCTA
4,Fr2k0kwJknRIFdVTy4DW7w
5,pNGlFYhL3ADoY6kZluDRfw
4,cD7CCAOKTRngLn92Z_hsGQ
5,g6gOW-vougHbKhteJKquJw
2,2KBC-pxd_KP6ZJ2J1wQv_Q
4,YNlXQGv29fzfOCNcIFcwzQ
5,8BLTFtyi7F7Af73GatAuag
4,a1kqQJPQVLtvRHIM7A7ITQ
4,aSw_vZbEDA4puohSVvNY8A
5,s-_tI2-lZmyCicrutQQJWA
4,GnhfZ0fCLG78CxZ4EHbHyg
2,JgmoyE09HKH8fEOy22MVSA
5,Apl7pZsd1bnehqsa9GWR_A
3,NZuUcf__2AfOrmxgxNH7og
1,L4qZsDmaOnzAMxRgdP8HiA
3,-0C7a6QZGh2J2G-u1eI29g
1,WvLjNSroGk4YhoWAi8ZA6Q
2,UrIdiMqfN7iObiSWD-sGwg
5,U4WmNkGyWEwBkpxP4fxjww
5,mvlLwjgfXDhlS5roy4tyGw
1,c0iJ5hLUjP3GSIz_Gt2QBw
1,-7wZtJs3mXIXArAdVwOTHA
4,LaNEia4vr7Dg4jRBHfRMrQ
4,t8lznLQRwClns1EmFLjT9Q
1,Ij0zhqlMyMywrhCrrYcu-g
5,Az5y_C0eCxqhJma0ww90rQ
3,AnJZZ977lSsK0RCL3wUQgA
3,2FAgCfv2qvfO5tx1Mb4FyA
2,cdrEC5pnTa0bRxhF1NLtUA
4,qzc710ok7elpJ7xj0Cp6Xg
4,dJmzLIjeLHTq97fy7vMGkg
5,PDG3hPCkHwE_lU3JAnolZw
4,yMdrKB6rmhNQSomIrXRXMQ
1,AVoyOimIfIgZHAKt7Qo_Ew
1,hVdFFKpuxBWMYQG2rumcCQ
3,v-_VaGIIq3DgmVg1j0ZqUg
4,1McMfXPMv3nAD3eqI_5GIA
2,yxI21kFkyGTqmQP4KabJWQ
5,4lTLvTqR09kIGEEklwuy1Q
5,rM0MSLS5-QlzMTLqUNVkaQ
1,MspqnLC-u6NVyURAXvMAZw
1,MuaaSyVl9BzLDTuN6ygkqg
3,rInpBVPeEBzCikakDgLUMw
5,CLpcJJXARMfBVNZyMKEKyQ
2,vdfzhLPmjvg8QZmeZ8P0Og
1,e6ZjoT-yg2odjffVX64sgA
1,6sO_XTfycp38wgjgOA__XA
2,lof-X11taxpubUxIc_jy1A
5,kdO-lUQ3avKebWJMdiiYWQ
2,vdYAdbFyIp4Wq1T8JZV48g
3,VCR3Ews0k1bVxUW8wi38Og
3,cdVI2PHZORKnmYeebjrZ8Q
2,MJm0MiJPhX_jwXuziU5FZg
4,yiohlWoPLFiqEHZ5R3Kfug
1,fjp1TLCuB9NIkSTXpfznuw
2,sQhjjsM7jeO3ZTs0khzZ9Q
5,SZWEvmn2qp83ELyQ_SeRHw
3,kcQbpP9p4kedQbzaTRu9Vw
3,U65ZNAGxAR-XjF6xaeCPIg
5,M_HJufSXQclwVRUnZ0rGhQ
4,eUexYG_3MtEKOxod7jbJnA
3,9udiXSzw18Y0CT_SJ2INEg
4,Tk4BXQ_lQdBa9l0yt-FEdg
1,0sitJo5qjLu1KU2gnfDrXg
1,g53rI-cG0yza1Qw08L_ncQ
5,zZuHI3kaFP0v_MNk6aRRtg
4,Tpyp_AsfixDZYd34rjNeTg
3,uvMwoqaVX3MV7HxRg8X__A
1,YeX7c5c1ioGaRXddCpKSGA
5,rO1ZiDUtGnTTgypWMBuIuw
5,-CAedWPMSxJBNMLcp7FcgQ
1,_KBga30jjg4DVvUi3Vf6xQ
4,zeaVB_H9a93Dbw65OtOEQA
5,JyozhwF8NwUhuoWhBvd7Wg
1,IbiCBoDaw6WtXV3lraANHg
5,U06GHaOv_jqVBUkY0V5RNg
5,6ungcT513Y_6guu8kewI7A
5,QGgyqj7aDpKVmTFda2ZD6w
4,ZTgIuSODm4DsdKhzHyujnQ
1,Rsj5bInKp3GV-akclsg3mA
5,ttV3TskVyXobydE-gHFtpw
4,mVMFP14gt3biPKWNnk7kGg
5,OA9Q9l5XhMwFw_sEf8XA-Q
5,eX5DUCCqjvIsAfSAHym_mg
4,8IWwKDHzxezvNbgU-qe8fg
3,IGzOKMKMN64e_4qwIrueFw
3,j0ZNmQtEuiFlKGXgHTZd0g
1,Y38TCaFrH9uF4XrLjlDlxw
3,XhJZ2XtW-IF-nUoxJLIGkQ
3,g8siT9YUaMNErkgg2NvJ-g
1,tmPDe2ZtLpVUsdJUnYWeUQ
3,tlM-SLbhXVxViKddAY-SNQ
2,DWS2sXe3FuhRwyzgO70iBw
1,kJLu0xaENyozx2JEM5vEAw
2,pNBnJq_3u0-1aTXUY3nkLw
3,-Zl66VYpQrtUA_CP2xeEuA
1,CnDYYj34UneH_Q54UTJVqw
3,MCs0hYqYruEfJNCsYILYVw
2,ig6Thmy0UPRg2WT_6sIBSA
1,MfLKoHKGGiZIwuSlZ9S3Jg
5,XwRO7pQKxCGxMTPCIGHh8A
4,K-meAazGCWF1eS3BJf_rrA
3,IYKfuqxfGKUBhidivjXLlA
4,W6sNy6qFCqjeWmBO4gmLyQ
1,LDr13WaPafzcgyN1hEyXJQ
3,YJiaUxUNmuctoWN6uZTJJw
2,yDv_aKsIPx53-n1S2DUeAw
2,5pZFsfRMkQdVyabMg9mBVA
3,Axs2HlgIxOMLBzh_FHhfHg
5,Oz9IKLVE7l6P9Me8xXOXiQ
1,V5atGUGyNioMrJkTa6zrVQ
1,EU1JDUM0er3r1sA8fhTcJQ
1,tbEXeXRQyVpI-0TWlMIMqA
2,O8IOyVLU8zWzfUKnmTDhoA
1,k0PP2vocX_8ekExINAXeCw
3,7BO8UhuzN7Aqw2pQDI8tQQ
1,jWGvg-3DJ2-BH0cl0AVMOg
3,7vBUfLx5D0aybRpckegGiw
4,mknlaQencSsb-LlQblY7Yg
1,4BheVeG0qFfJylvwAT9xXg
4,NhQPyEE7-DHMjUoDulrRuw
5,re-czmuTd85thwgkRufssQ
1,cBhl6-_wOfmf-lFVM3SNfg
5,J4expCEWN0iiKRqz_WCcFg
1,5MtNJxMyYSgYrU-mhSy0KQ
2,FinW7QphgrSJfqhunNmH9w
2,OfPJ_knfXCHVCnR0arFIYQ
5,5b8LeatXwzEDhdbbocfAlw
2,4qIOdjB93wSGCdPhImdftw
5,SW6diXnZr5sQUijAmaaezQ
5,9-KcP-SxeuIumpnPtgQfhg
3,sIh1LIF3l50MFEhxZy3kiA
4,bPxi3sflqd2YS830sSdfgw
3,43Ov43XABDfT8GsNjNt8yg
3,aL8x9UGAgPHg-nWceXG87Q
1,EdfWaq9MHYtFdJj-gaTCBA
1,XFQ1zE8hgwVSJfCvmQqjwg
3,uZJvywHWmpRfO420lFMllQ
5,A99p1v0hXAS6eY8aZX7MTA
4,rgKVw2wGNLbVHAHdhjQIBQ
1,YNtRzkjN1_ZNtq8g95MlGg
3,F2UkICmNrLEOrrwUf10PlA
4,bt8sCXNB3rv_FadEUuAIuw
1,dyMRJrBnNXDf3-IKpknWPA
2,vLcZGoAnjZ-xLHwjgzZoCQ
5,I_E1aVkoc_9aki7yL2-6yQ
1,FxNwU_6kuUprs96iCkJvQQ
1,97niZbXaoI6XhWySXxPxjA
2,vym_9iVOHB564zuqIXYnlQ
4,mAXD89Y-y9DRWjHNyRb-rw
4,w_hNoR2PzUpmRljoIpCe8Q
5,WttU4GLXo9GJhzXOjYsulg
5,0ugalCSgQRd4wqEnzqQXBw
5,04b4SQaoSCWl13gv0OO65w
3,-M73tA14LPLQrew1qpXkkg
4,w61OvCghVwyPqSmiVHs9Cw
4,V3WsQjv64fHat67xCZZTQw
5,H843LF9QKjeQt1muKlc-hQ
1,Y-LLBHYpGyahqT60hWPOrw
3,FXiqHBJFILAKwgn_d1wGEA
1,NTMMofRyHIN1aAwwp3xdRA
3,dHHogUBGfAZOSQu0CTazTw
1,66ECKBdyft5nEQAWBO3z6A
1,Wp4pN4nO6MJ-BnjvmUIVZQ
3,a6z1NRWhbBSyAhj2yasGFA
3,trin4jSgaBAsoSwkLqxj9w
5,oYEZ1x8V3k9AetCwXoQKZQ
1,ZwBG0lxDsK9amisM8p8w1Q
5,nY_D_nwCm7xEifAXBsD_Kg
2,Ny87sFePNxIRR238-6u5yA
4,dpzpUMcibRa66-u_Xj_VNg
3,jyZtalL7VlNG9OiPNtUGyA
3,E5RHILqf_KCRjKUYe1FDzA
5,ZcRPh53PE_BJ2U3Di2XX4A
4,HM78WDWcWOM5kLAyvtLQHQ
2,QIa0T6HxEjm_vyX-ukidXg
1,BklvbztoliV0-WcXmnA9HQ
3,113fA96Q8SOc7YU3tU3nTw
1,GrInT1vYVapM6d3JitBCWA
4,77N2CIn6FT4AcdCMedZHmA
1,S6Q52Zst2IK_fJUf8NaONg
2,1UsYVf5m88Vtgvbhsd1QsA
1,3uOP6DnAJr0JIJ9q5iHJSA
1,9NhcJkg1Slq8hkCneADqeg
2,xjvGyK_cOotiMLs6ydb7gw
4,87TI4qfuzMZolqLs6M-5iQ
5,O17pO_RmrtrCA1oUAUBESQ
5,jBZ-l61vnBA5wpMRG-QkOg
5,d70BevWjD3ZprgHo_i4fJw
1,elH5juKYZqMd3CF3-_gNww
3,J8qQiYKojp1JW6ehTt3JvA
3,MlQ6nE1t4APvI18nYqCEBg
3,XlTi_sdqC0mC6mhdXTrmgg
5,JwoT7xyPSkL5aSRfDEIl0A
1,vmVUxFRekP70kbLm02XamA
1,N0-yF0uNWzDq73mDF-affg
2,1i_3_4AKN9MpQMqaIVFrSQ
1,tZmOkqLtY0cIQE_bGvnH9A
2,m4RnuLGLg9rT8hAqNmQwfg
3,-daMsrs3JXq3N9ML5mWbBg
1,NEH_-xeoVO7dxSScPJSbIg
4,RiZvFpvRzwQtH1I5mtj2mw
1,Pg6PzjrZw_XlUyYL3fVT6g
4,amd4LxIA5eXTXaThTh1pBw
2,Y4USIrprQCBRMH-liyN9xw
2,fKh88E56ceJ5quO7fZ6lxA
4,xNOZmAmuHjBhJ9YHdvxuHQ
4,901MhBJvMm-I4nEcrVooaA
1,CsqAVq1ux-Dd6qtdXU3pnA
4,xB6DUdj_ER50kWaQE0gnhA
5,aBf85qSVZEEZvPYoLmcIAg
2,lBXw6UkwQhS5rSyhY80eQg
2,KKb_t-tPiulfTbJ-w2_8OA
4,IDZiufCxGn9A0l0X4cjFrA
4,WcfcBND0Vq9V7GHiK2tIvg
1,aaBsk-CPbk9mez_Zy8ETkQ
3,mDLV68Z6nXQ2_PI-zNqdMg
1,APnFx1huKf__c-Vxm9fB1w
1,8WVk02QeC_iGSMbO-mID7A
1,dOBBR_eg6M6-CcJbRvqQAA
5,j3OCUw7wNeAn31ym4DSELg
2,DaHdt874qeGuvWBu6LYozg
5,v5OtunRu3M1QgP-ULZwqFw
4,0nx0b396IwLq4LGFbRquFw
1,KlCGtRPPqn1Z2xY203GK7w
5,lhJgTPV_wL8RFKzCTuqsmg
5,f6Fl7DMykYegt7UnANub4A
2,hM3V5XpQOB0PpqavJluY2A
4,Bjh-TbLt7FkRncnfQ86FfA
4,LQ8b0tGmcgbuEM5lXr7lPA
4,SHH0cKH81A6eb6J9LcwZ5Q
5,vXYLXK0Vg5TtOTZXlDnoUA
2,jbIx5GsG_rvpMQMNU6rndw
2,lc-Y5DPD6Z6rHsXE27hd1Q
2,lOBwrvpHCzXrfJY6cuIQJw
5,pg8uWaTAVqy5zzC_9Lqqzw
5,IxSlg04sgOwRPlnzGQs_Vw
5,I8lY4T4-qURxq8ZGhcpBag
4,G_Os5uNNMbNYraz-7Bdhrg
3,t-PxRMxkLD1Npfwa_rffXw
5,I1Vd8aQC6OdIX7EZSCIQmA
4,4zSnHd9EH9uCC9iPDVSOcw
4,IxHhYwHd6LxGwsKomdZFXQ
1,8uUEB3WtNkT5BwyqnRfQcg
1,M3pTB4TBlxwXt4Vji9qaOw
1,UJhUT49NMQyppgSHg-DUhw
5,43eMiM2Ksi34AxVTssfXQw
1,HkqwBazUQN7ZhkWpSGu-Mg
5,d6kx8CnglKxVNMuhnrr2_w
4,1GUrWgwA-V3lq9TWoi5IcA
1,yz0YXk_w7rOerhPrLf0_Qg
4,toVCVw7zG_Q6PLAcXbNncg
1,fzTR9VwOZHxiHYdd4jK7KQ
2,EMmiTw3fFh8kYxxbnXbGaQ
3,DxrDAoOMoola9TMTXIK3ng
4,klaOkXqEBPVOPsQlnsL9-w
1,oAj3Bw-hnYaiPE5IK4vauw
2,biikJlXL75lmumbesoapgw
2,Sd4RXWsOIOPTcYSHXl1VyQ
4,npEsvSHYkEmqeZxoHyjknw
4,hwWKfsRoMSDw5GMaZq-gMg
5,OU7yHOBGvyY_Mmd-nkzqRQ
3,CzhOzvV_g99tqwW0yxFjkQ
5,i9EhhzaZW08i5iCeBLSQCQ
5,3n1z56zlRLhT6urpGwbamA
2,miHSTH3HdRwDKb5j4E0p-A
5,g8__wA9vuRFW95kmkqL6rw
4,x2UQSefaM-SOqwzlDiJNWw
5,uKyaqkZYZ9ZiXiQm0GzFbg
1,wk12KbwmKRClBQCMHe2PKg
3,A-QL00BGgbC7zDQesS7q6A
1,eunCLjy9KkOP3mUT-IZvkA
2,JsLl7LHpkuajzujvnU85Kg
1,-8-Wq1Ezj5V0K9V3jcGDVA
3,d7evN7k7ifBNCVz4tEGPYA
4,ba7hOdY_DsbpLor7873WHA
5,hGOWtNfpiA5fy_St8o7v8A
2,9qYyBVPDDJKWpcyP3MXsbw
2,O2eQU_tNGZ5z2tQ7eA2oGQ
3,IZURYRx8yEou1MUlHwFmcQ
1,MORkE5sWHd2SzoarlpO26g
5,Gr4dgkdg8be06Z8mQnun2Q
4,0H0_eOR6wGh1huoNfFydyA
3,Yn4k3XfCHPB__RmxzfIhtA
4,4aTukBYMAugGvAlSz2z66Q
2,GTzTnwkSvdMvBTJKBdBihQ
4,wyc1zlzCReVLiMfv_GvUkA
3,PcP6mbZT0gsXBcxjAZqQjA
3,tLwIwN78pBaKzT2zRuuxJg
2,mT_W0M6QHisYVOhpjD_qPg
3,GFWoBXH4FVTq3EgAbZq7QQ
4,j05sbtR4aIL3A91a-ieNcA
1,4vDK7HQBSYKS7f9T_t-44g
4,aNEdkluMV73nHFxrn7GR-w
2,gyo915JhZVue-m8MkRy9ng
3,TU8-CAY_i7WIRgAt6tEuGg
2,GTU1ovpShlxP8XylhoiDGA
5,qm0HmjYKuxBpAJr31w-xYQ
2,DdY4zy5mEPwND-68-HmaBQ
3,q911x6qtKRKvOl21rY-feQ
2,m8gPfk2YDPZ2eTc79j-4ww
1,VZ6de4D89-ux-EqT2NTZ5w
5,Q88lVrhpbv4lKTx57fVI3Q
4,Ji3ACA9CIqHYSNAP-59YVA
1,z8cLK-xU4zaTwjWuWH23IA
5,UNKbWA3vFkHyCTO4cvwOvg
5,-VSjMXMgQ2xi6roBD96nuw
3,NNHZCG6HmYu259ZzhyOeMw
1,hFIHPgSgpgGoHPUd6ijwMQ
4,3nGxMZ8Ol4-DGlVTWCR8lw
1,kVAmD1t7cd0i7qf7_wFRqg
2,p8eMAfB4jDuPvrzzoYgJVw
3,j3O7DjtcrrvNM1Uolm_XNA
5,07vimUmbBkltmyJsaZWNRQ
4,n3k9qE3K03Cckx1dgnIMOA
1,mW8LOTNTQqcpJkI-WeZ84g
2,3U7dbCkHj8H3_WXrdTUAdg
5,rcr6PEQn8xwj6Eh51P2Qyg
1,_1-G7eBcK1Dp420X3-6dGA
3,Q9ql6kjJd-YEd-pvtpIPkA
5,YC3Kj8cNe86S-HPHpKpyMA
1,_7-4G7SNnTD54B0l1vXbAg
3,tgpv8uCmBlKGlg2oX2ARWg
4,12LPhiGoo4Ni008gBLeVuQ
3,R45vT7JF-2JigWfTFh5iJQ
1,I6TiuiLQBqLGh-g4dI4_-g
2,FWIQ7AsX9nRJVexAimRlAA
2,P8CRYJpMDa-NPjDdh81ioA
1,00Pf9TlMZBgn5EziQAlFKw
5,g9IjiTlMNDcIPX_JfRHsog
2,s9gfVfvTc7zfhwws36LXJA
5,QiK6IZrjnlZGbxDmljYYZQ
1,v7y6ETRBz2kvwNrbtIDsYw
2,IkwUDuODHKHzJmFhzCs1IA
1,cmjhMrJYf2pvPDZWi5xwVA
5,8-0gMrifHZFKOeTG9Wh67Q
5,9pwKshD5nvZTnA_kdViYVQ
5,NeJV6FGqb9XdGChnB_MUig
1,wRrWivHRH7dUaFe36CSPYw
3,PyneKP1gJyLyr3b1480ICQ
2,l5rWhpwAXxCgyJoMtjdhlQ
1,PcW21Z3sxNzSNt3gRAwlnw
1,n8vyIsKGNg4yJyQIjIKanQ
2,_RRFm-1-3-cXRy0K11YyXg
1,Plh4bjW7nbjhJvGU7p16Tw
4,U-Nsjn3z2aNu8PuAeqqqVw
3,gQ8lLmsituAKCG2a-_x2Aw
4,outgHrggjW1Tm4ejPKoaCg
2,W7HUK1RVfn3UV6Yt30iaRg
4,D_gBzsvT-J2OzjY15o7rbQ
1,Gc1W0Nv5-QLEyf3Gvwatbw
3,j-q_wk6K2zZgethr-Nhy3Q
1,-S07PZIarvGQKpbCPMqjfQ
2,zHHWDT4ugsTHIsS32bJr4Q
1,K_k5lh3w881Op3ExwZFgSQ
3,KEyl49CSrO3F0fxox_lmyw
1,VJgKotRE6h2MxDEEkt2MPg
5,2JhA27jdpbB1iC3p0d3Hpg
3,PVEeuPw0C1VZ-Og0Xv8JKw
1,YZqPaWCSumCnDDNkyT_pmQ
4,ouEfVvmYJ51z5k0UOgquvg
3,kkYY5zDpEWPG-n2CD6SMbg
1,BTjAinUOXWhlPavqk2BTHg
2,nYx1uWibo0griRa5y2MW8g
3,xkYf771JH7H5uvqnCCElSA
3,bTxG587KgiWehNIrr5Q7rg
1,OK7dZbugbNg0kMyvk09itA
5,gzvVE2qnhCc1R6dEDzZbLg
4,l3_WfO_SzPavxfhHPjAjWA
2,IYcRRpuf1tn_cZ63V24F9A
4,pd63euMoOZmF6LfEOu6liQ
2,Ni0Ct0OXsJF71MNGzYsU_Q
4,OqAjmfNIKgGqjwCCHpzEyw
5,fwnRyyZfXQClTI8aV4LwjA
5,VwWMOnC-rf2S1uphgeRy4A
4,VMX4zbXZ6O-6QlrboLsfbQ
1,9bTwogny_Fle_zkb94cf1g
4,d0eAaEIqjwiWPUIuhrIgsg
5,zkWU2LvVqimXocXSAyusnA
4,GLLm61Va6bNXLgjAD_B8XA
1,7-qi5LQnjjJJ-mVCuUgtig
4,VdMG-VSajOI6Jg2GVfB5rg
4,yqL02qIYgPIiLbtPG5I_aw
4,qP5lSICEbBX_CLJyTME27Q
3,JzvCu3Gq0WC-tkhXrv_e8w
1,7C5Vh5mwR2YwJIQoeMlj6A
2,z1iG4FAK-WwLYrjXz29sJQ
5,5gt8iFYgzR1N5mMKdy1lNg
2,-fkc6gbi397HKMtU_BcwGg
2,F2tlneVuDtK_OZvDT8bttw
5,E3TparbTuAcTFlNBjhMhQg
1,YYx_rtDWec9xGNEbfl8VyA
3,J2uUX9umiEWNHsEijo1b2Q
4,pnZV3Inm2ZqOcKD1Y_tYqQ
1,BsZPphhybDglkX8cajM6NA
3,UJaf2GVSzlAjwlCmGRxYjA
1,MHEKFfaiEUxiS179VXPJfg
5,YF8FmCMO219sKut5jWnzeA
3,I_jRCJz8Wz2i3LYtlDqfEw
1,XGJdsk4uVB5Rlvgz7zmBeQ
4,7x5Dd6B3RSjeo-B61MLM0Q
1,OEhlEPvhfK3ATNZvG8-xdg
4,sn0MKJd7iqwEHP8c5XRRCw
5,FqSCWmcMtgKe2gveu-CArg
5,xgD_DXbQ194HyeA9KJPa9g
4,r_o8unmuSmpKMLd7R-gyGQ
1,d9EKMTGScKZVHqot8UByOw
4,yUvuge2VkRNmTaMCyPKZ0Q
3,iIy9kDDFs-lcNlOz06114A
2,wO8VL5RqQ76hhRXqwHvqLw
2,Br3pWJbWTRrcoXYj-PmBow
1,QRNXCdz_uI9r-PAPdCWWeA
4,QjrF8bmpetVySjZ9HGUoNA
3,ldEQ02aP1OeSa5N2beseNg
2,muGRPSGodI_lT5DZupoFBg
3,E7g6TD3rAdE6S1yHvz9AqQ
2,mLWdkCypg40T0toRi7H9_g
4,07-9h18WmsWAjjrOVps6yg
1,z2dR_QhHJN7YAMEv5rvAiA
4,RkU1wupWKh63l4DKd9N6mQ
5,MYr9sJFLxV-pz6nCKiZNrQ
2,U8i7-BoFAbFcIDfK9MYERQ
3,W92dvDHfZQrIVVXOjwTP5w
5,8B52IUhvotFtn_G6L7z47A
5,5lv9CSfRZvBhSYCpBFed_w
4,NLHrFFTGlJFbT6um3fEyIQ
5,ZWbHCffMoWJb5QfGOCnVPg
1,X5m8vCI6mBzorK0HJbPA1w
1,F_EqYFKI8RFQHyfrVqwPxA
3,arpo8_qtqCqx2AVlKlmCMQ
2,BpXNI76vpQV-umpfQyHh1w
4,qE0b6dX-E5CgGRdLt0X6OA
1,i0PFDacCBOM5Aft4IoCRZw
4,8bRMAwZMKBm0nElMQn8-6w
2,WEPN1g8jsW-OvzDagXhaqQ
2,HDVkMacRruYxGZxil5LHrw
5,grcm8fZT8TLzc99aXk5utw
5,W0mixVbT2DLQizVvD0je8A
4,uBkH0ekQ7F2vHWQToOY4_Q
4,jl2bO4LTveQwK1aytqUPWg
5,t_4O7JPD0p1yekXyigSKmA
3,SXDV7Q_ZZTLjU1hoMlxxhw
2,flQW_k6b0YyIoYfsr0Hg5Q
1,8uQvEQQ8tOEu53-8FPbF6w
4,FnZZorO-27e0gwkCre208Q
5,owyerGftvSv0HKXuowiLWQ
3,firgp5O_3-wui9RWrOJyOg
5,Sz-njRiGhtCVZlp4D-uPvQ
5,Qa7A2ee8jIUB2PcjJweUtg
5,iHPYf03KQo6I6vyoyzY6GQ
4,5HwiddkUyOdk2D8aruyDtQ
4,_gFAKqxurlqI8kg8Jc3PHg
3,dLvDFmJO7GE6ncxcV8Z3-w
4,_CngYGS8KRM_mMFKQa0tOA
4,TTAPHe0WMvAimFbLAQ5Krg
2,hbDwmmP4U9hHqGDwpkBV9Q
4,a5BLeyP8XM6m2K1oX15F6A
5,XOjnrK8xFm-Gwa0wM1PNVg
1,PpUW0k5I4WJ8MLT4PKHCOQ
1,Q4ez8d9VerL4ctbDv8zKuA
2,-ifC6LoqeKXPm4dW1xDj-A
3,1qwpc8fLHBKaz1yZCAYgCQ
5,5NI0pR8VCu8_4RLbXYV4Ag
1,XHRP7Vd_Q2WRsotm0FuMgg
1,iJKT9rYAy4exIpZYYSF_6Q
3,oowz0cVXGbZWWqQV2JUGLw
4,6HHkdsa7f50ZAL4Kk7xgdg
5,vkeWw1a0lOqau_ziI9_l6A
5,pNaEy-sSgtV3bAwxQ7C0Iw
4,ZgwynATkmQWSoHtL0knW1A
5,YhRrYRVSrUHCmETYClByIA
2,9TtWQOmu9PXkFAZbVXU-iA
4,KAX4KCqw9vnc57vKdDpP6Q
1,TFNhDhzPe7REUgoYCGFF3g
4,F40kd3vjAzsR1Ct1CSUWXA
5,t13WJnxTzJzAAqczAKZJew
1,voWljeOHx0qtV8jdrrFKtg
2,Qaj70WXVKOKhv00vw5Dyxg
4,r0YB_pCHYlJcc8TZNJZHHQ
5,fNx9UUvoMwvo_dhgz-vhbQ
2,-XoQcFbsQP0BpL92HhYjcw
4,Ile0j9B7WlPxY2mf7joRgw
5,SprvZJFx_kQLI12FxXTsvQ
3,ovVcPQ6kDwJmlJVwKAPbwA
1,0QYBKv5mIvwlI1-yLgMlBw
5,jjaSLV7FSK-T2uS06Laztg
3,o4QEOKKJ8s9qezOtaNTjaA
5,gnF4tiGoTeKBYiwdsQeVGw
1,Vo-ds3ysPWV9S_lpIt2KQA
5,u1B1zKw3t0pcbg2lU00CwA
2,SVApvEkb5FSRkdC-KVRikw
5,XVa0j9u3lEQWoiklSBhX4A
2,_TObHOtCFDsQUOKtr8p1zQ
5,mdMlbGWFWRwV9HZbMQcQLQ
1,fQx3lUCBvjRfKqYJFp7FvQ
1,_fh0Mudhiue_tYqXcI-d7Q
4,NCEKd4_Vl_4NEvWtBSB0sQ
1,UcFOA2YFD_37QTdUPZPLWw
3,HH1zqYkw0xC7_2UVE_ZTSg
5,8Apxh8BZ3Q4lQQXBjTBqAA
2,yK7y_9ng0NG6uz6w9_L1NA
5,Ty9bUAo-3k-ziMphOlH3pQ
5,2ElDaTwQ6ddOPvYj6FcIAA
3,C7_tbN4UqMBxwCQZl-3rlw
2,vBvEGtXWqQJ2nVhb4_b0fA
3,_ZU9hTVh9_VQ93TZutwhbw
4,3Xhh_1-ZxDEhLsoGXR4kuw
5,8YK3DAl5P4bU3P6P5FVnvQ
5,8Gltn14Ncz82UrLWOLo5YA
5,NS-x50qs0ZTcj44euunH5w
5,AsrV-NvnvEzZsegOOoZ_Ag
1,IZwn8bN2ZEGLBp6tv0JTbg
2,N2550Ig4V8t85ewcV4p4kA
1,hZJx7Tz3569PeZ9gmlZjYA
5,AAeJJjaAGwLNzdX-A_OHIQ
3,-tmRHM0yN5nnoVxODVxbJA
3,lin_kSO1O8SBVJGbgsJyWQ
1,fUK_qoNmIuAyh2ltymoCIg
3,bL2A85Xd6fdLQhWeyvlAEg
5,3Ldi6sZNNedtuFJShmQ1og
4,Wg_qFDGqM-Yvse4rCyafHg
1,d6-5Mseb5G86cVCNTQsnvw
1,uJSHhBzlC8GzZgAm_YN6TQ
4,9y2-bCf-omjkiia1gKxpkg
1,XOnG8lWBfbAHjTQJ0anMkg
1,E76fPShTQA-i7fa7G-ZaIA
4,F1VYmXeAiJY7wsyhzviWYA
4,v3jdQSU5YIp5nb7jfEG9yw
1,6vcSnXplwn_A6ALRlfXkwQ
5,eOBdQYIG7qEzgMyCkUqnJQ
3,r2UueZTE-GFQvAZQs4YZdA
1,oghJMv2OSeO1Yh8iHfpeuw
4,q3yDWs-620FUNu7NRsBx0g
5,eTljB8ubZp4zS8t1cYS93g
4,Eyiwx1JO5vkyrEYeXBpVWQ
4,ZDS1lZTyvwUPj63SKUY7zw
1,c7tUZ_NRmxJaaTRIp0BCNA
4,g7ln2pdbblxvz3yN_vYaRw
1,zUonSLEYdy4ukPNmVraobw
1,oi7_38wFPNonhblj_-5DgQ
1,4TdiGHyKH3b25Sk8T7xReg
2,k4Zy6rz_kMtMZhmTdOA7Bg
3,xGnCoLPvIhXHSJMiYzwv3g
1,1hysOuXFTUk2rBhyAyEO1Q
1,MTWL0m9hUTQyzmRrtchPog
5,YLGD2ShRSC9MewEE74Xv9g
3,QnSuLlxhmS7lo6y9fvibzw
4,R9IEy9nEEKLPvPHcvy6cjA
4,mkKRlZmoPY3s2HEuasoFXg
1,P6QHpgFwAN8i9a6lMueWkA
5,WY5jnU7Ilv7FdK27x2FlfA
1,X5wjgdYUKRMF4_pUjHQvww
5,8ULX2mn4i_88KupKf8sftA
5,rvNrS3205gZIiWLJWEt57Q
4,Lb-TwHxtabXIyaUgfBk6oQ
5,L9tO8c6kUysoTjl8qiM5VQ
2,PKp04Er5eD9oArl_2puGwQ
1,tnTujASYC6OWzhQsN8f8xg
2,i3AZ-WT7YzQG2w3jILUwHQ
3,oWImtZOSZgSmvClriVyVpQ
5,BeCqwf527qnv6hBPuICl0A
2,A8YH6YT5OsbQohMC03CEDg
5,1smDuG4MbL2HCJkw8JP3Og
1,EbnNDvrvNiDh_5FCYDyniA
5,6O-tn5wuZ-4_ebt2StOy_g
1,8pXsB0VnCYitLep_IX3b0A
4,_zrSeTRA-XS8-9NGBsFaDA
5,Gs8p8KFXKdzG7TTsoRCE0g
5,Y_CIMTXkkD0Up6NbrIP9jw
5,AifI3hYiNo6oaINf19XIzg
1,Jy7FErlT33P99DCsgl0JEQ
4,FZw_Oaf3CQNiCuvUAPDsqA
4,c5HRXyna7y5FD3dn-eOaQA
1,SsD9Rahm3_SxxRSci6JxAA
3,8_F0gUusEG724jjlP6xp6A
5,vjZFjxGyledDPxiM-vhUGg
5,dt0-zAehGo5Ci4zlnDPyYw
3,AknhDZPujeFJYoiGCwGWiA
4,quOFaiees1XLn7r9RADqfw
1,Vz0w7qpdDhGO7I6QHTeA9w
1,DDoWZ5qSOd3W9aUqMEF1rQ
3,c2BCBOcjngPmqB6n297xZQ
4,HuU0W7m4HmvvDAd7__DADA
3,7Fj7jsqXJYR3NZjHvuKiRg
3,m-fk22T9ovRLNKkzUI7vtQ
5,LO0jzptHyDPaSdesR07FOA
3,GXr4PpeOd0NYjwMvKEAfJw
2,USaeJiSsdp5haPrtOf_kIw
3,ptpO9MEJQukozvkM6G0uPg
1,R_0O8lO3AdPfMfM75mromQ
2,_Rh7wm4kNZC7oHSeaY8dqg
4,UZFCVBr1YdHlYeB6H1_oCQ
5,-2sS8GrkdkOvFqySI7ugDA
4,dMS4T7u217LuAddMQIWL0g
3,ycmNo1MKzanEDRn_QEe4oQ
4,nhazCUQDS8Ipa4h1EFzOPw
5,CDcVF62ve5QEHZDSHclbCg
1,f6OlIaEn6xznRfe9ZQ-sGQ
3,6G3CyUmVCinYtyfY8pbNQQ
4,1O1kkkUTZAISMgka_nrUPA
3,PhR37WoSvuRlPGD76_PxMg
1,DO94B6Sp6Vh_JJ7HGLKI2Q
1,jvJz4a5zYdEeLhj4hBkIZA
1,kOB_e63IJlrchx331HqvNw
2,BgV3B_7tMEUokOOOBbSmlA
2,NYoJy6ymyPq7pjXIBv1dZA
3,iksgRxQkIr-Uyjw5nTbXBg
4,1dUqszpjSxBrAvOVueqDUw
2,uh1SLoPjUV0rEln4lp9mpQ
3,0w9rDfOqXwlfkord2SqOrA
4,_2lWNDbZRVgbYh9CXlGTrg
3,gFBGLcVONLpDsSJ0N-Tv7g
4,qf8dzzKyPV59oBtfs41esA
5,KcscK86cHwJJ2zjC6WiDwQ
1,1FY7nkNsJ5c1Osm_awBAAw
4,8e4A8rlRrIPrEoLP4Zxnow
5,hX3gVYY936uRNfgElH-iZw
1,nSQXB6GDIU1RS77U7H-OWA
1,Xo9FHpHQ0jGEkHnJDJe7yA
4,IWPvOv2Likh_3pz9uolBxQ
4,Hiqwpd3onuiWaarncv3fhg
3,W1VAuCqrAWRZxAwYFgBuDg
1,hGzrLqx14zO_El1uH1ERug
4,ba54yruqcT2WZ-oIfjkNqQ
1,C8rtGMynrPZV4zXxTqHYmQ
1,QNvZOl1fqLZUMok_CsC-HQ
4,iJ79FNnsXxmHARGYffp1pg
4,cr8nxrRqwrhmUhC_JwTZSg
3,Hs30_L1DwPlUOBh9iEf_HA
4,UCx-fBMN72MhDS0cqXZFuw
1,DZf1iLzxClBkoVKyqlbWGg
4,grcZvjEUEAyXAKrh_Cs9dA
3,giguUtV6K5PLIvMlIktruA
3,oyoo_2ux5KYiRx01L0Fgkg
5,JY7-LqYSpK6fKjB2ZRPwtg
1,L06wM_EnIRcppLosn_-L0Q
3,bzd3JP02ZuclrFftdpGjuQ
1,AGmvJYH0zU9SsJnYouLgeg
3,F3-_x5_viR9nrW49oavvag
2,-vb2YDc8l-wAenp6n02DOg
1,Pptg2S7HK5juQulTkewpaQ
3,iy7FyEyMGyZL2b69p2POMA
4,TC9HnPhldcrbflehBz_ESw
3,sXe0k1Rl7gKuyJ8YgJdGfA
1,icEsgQfOqqccFeWoa_Idow
4,utseOmJx-kBKQRFlm8P3sQ
2,_aVusmHH4sNgWVm1ySVdyg
4,vqwY29OEvvY6CfjwDncCHA
5,c0sLbMUyaN9XKGdc9W8cSA
4,aU3QjhOyoHQ9cfEDKYB2Vg
1,wW0XQ1xDCaQY-AVr4D6EJg
4,0pJGzT6Y2-KNRd7v2UH_Kg
1,7qZoo9XlPp5CbWo_VkoXvw
1,d0hs22lv9M0I6cMP8VrcmQ
3,bnbn3FPn9UiPZhcn1cV95w
4,7nWqgQFCGF1eBMtzsHSOaQ
4,XXfcP2bADU0jbX_UztPYRw
1,4-ssmIDV5pwhlMDrUpPI1g
3,Z3n-1wxE5zaL1K26qTCe3w
4,ElTJvYE1Vg6hKgskDzha0g
5,mcgaCyMWH7Jo9C04_k1VTQ
2,NmksnddKdH7vwtmk9pOkfg
4,oaFAOUBHpqyZFAPcCn_9YA
4,XTHxT36HkC6xyFZQ4OscwQ
3,KX4pjDZgK68413WoFikn_A
1,3Emi0rZdnm0RZ78jHRxd3A
1,Yv9VUV4yXi4JttO9mBpDpg
2,CQNTG7EaaWpZ7js21eGAPA
5,MwTDHBdynC7Gzs-CYZVeDg
4,aRobWjt2aya5NoGtwv1c7g
4,bryHsx1eju72PrLWQ96jBg
5,hUpBhEBsd_rwvTA2P8DcBA
2,whsUxaiB9uqIudGj63Y_8w
4,JBtOAjeDwEu0mdl7hhLrMQ
5,tMgkUkCKcXSJj6xKWDkNvw
5,RSfmF6kpNTTyE30AQ4cxQw
4,Sbvgnl7yHE8bI_fXS9wVMg
2,W70JX8u3KBJmQ6ImJ9igsQ
4,QmbibEKCHX_H2zSGrPJ9oQ
3,pwsVO6qHqEJu7r3ltRidTg
4,lpWItDTE1daCKT0m0aZ_UQ
5,iBaKlW1xBLvUQDlrm5o3FQ
2,uNXphP64bE9ULiPhIOWDig
4,jjQZolC_QAOdRe1PS2fTDw
2,Fe2-pWSus96jM9oSXFJhNw
4,KqBcvwqwxzGhI8F3xlONhg
1,oGO_wwfSEG7f_ZDk5rtVdQ
1,uT8WtUJ7ud-635S3YEjj-g
3,5tCv8uZ9h3l9-TSGdMXCvQ
5,SRFAD4BlopuI7XKbJPdurQ
1,wRL0Ft3GBfBHbZsTbbjAMg
1,hNS1HRCu-Ir5egtEpevhSA
1,YRe989zw-NfbrciS7lpW7Q
5,H4OEvzdu7tUPFplWTdgUzg
5,eCeDbmrbvHVPYmxdP2julA
3,XCNtjr_LAzCkLugJMUIx4g
1,7pXyK7-m2J_wgzMmJtMF8g
3,0cI6enhrVu-pHhGth-54iA
4,ysiE7QG-G3DsFF_HtTtc4g
1,AVD020pRBn1Ubnrk-A3WPw
4,3tAE2LVj7gKWPykBueX3fA
1,SRD4WCmsCUe45NeV6CfRsA
2,b2DY2Pr6O-xFdEhNjY-cGw
5,VDgmAe5ahiPKbIi5D7ga7g
3,oqbhUMAHadd5ig6rXNxApw
3,D25Rp7mqplgUmENwC_G2ag
4,GJVF8JqjX7sJvjxOCPIcXw
1,uPwlSMeI-wvW3UtRGqScKQ
5,LaIimSPwOkxPEaBwuv3CeA
5,cCQN908bRdtExuVb8K5pOg
2,Xc6gpqccb_UcXFF_S76fMg
2,5CiKcthTT2_X_Tdjim5XJw
5,3ZAWniWQ2N7vQCwxGJH7jw
4,a9NVCW3iIB4DVgDpcOaQTg
3,9vnakgxMalEwFtHcblbgrg
4,2JlNRyhVxH-XHgc8Msw-gQ
1,SQhCViIPWpq83_DGaMh6yQ
2,hqmGRpMc-KelhBTY0iyS_w
4,-Zv0JJP57i0KhhwqYqO2aQ
2,K9oC7Qe9G9B_2OpcVFyN_A
4,v2cSrJCIspV3Jg5v-lQjAA
1,yrH1KkqZr_ZRuom92Oo-fg
2,v4U8OVTRVasygA79KWyoxQ
4,1_svj5HvDao-xu2v_cGAfA
1,_clBsvdD3x5lK8BJYUdRRg
3,TIMoFQAjdbecs0j0_lCJYQ
1,7XeCPimdTii6h8QjKfEIOA
1,gl7zB_Zq8eO5_rLvKMnCVA
2,luPXLY7yWLYopy3Q7TUTOw
4,8V355IA4-jzG686TqOKcQQ
5,G-JQz0hhohz0bLbzpOZKVQ
1,B8c3aHMeU-4xcJ7ebpuMdw
4,7HJG8JDil1-ZCqltU13SiA
1,8I8FrCaL9wY768xhdH4EKQ
4,zFtJ8inI_A5gQ6q6WAb3RQ
3,h1T67yyuq-ZzZvZ7UVrCfQ
1,p_ziWrqH2ws5qqZT-YJ6mA
3,_CbUB8pRmgbgu8PVm2aFLQ
1,4KeMwvNE2gymoUKD4LCF9Q
3,o2rbGwasyL1CzkNsRy11hA
2,Arbx6Nrmu3dxf-lbP_0eTg
3,g1OaUD3L3QUieotOzyxFLg
3,9EDZCpuBFus-WvnCEtSkvQ
1,rl1Jo9XuvoMZ8ZI_4nbSBQ
1,emUpDgBTEELEwyaPqYpFTA
5,8UL9vV9KTAanYYyXa2J-Sg
3,N7K85gAr6hKKWCD7cKrxmg
5,96z7yov9tDVntosA5xPPqg
3,AWlk6Nrv0gTB661K2QoBCQ
2,ceT40F9ucb17DtppIVjYGQ
2,lu_FSg6T7dONjxML9NPWHw
3,q9ZaVnQy3NCp-g8b9NnT8g
1,JvYeoyPPKJe_E1ELHTXGJQ
4,yHvVB8wxfD71ivfP-OEIFQ
1,0_pUKgNnqYxHkxT_ed0u9Q
5,IdrTGW5x6GgGAtRYYICs0g
5,jgYTEwViaCJBf6MorZmTfg
3,khuMlUhK2stvjxknRtm3XQ
5,VVOaaKbQgjaOX4dxAdecog
4,OHRCD8LdVMckgQS6BtA8_A
5,SdYu62Rsryiz90AmbwK4fw
5,6Sn29ISL4cHbf8C5xmkr3g
3,942DCcxGIt3mVwOjEJrc2A
1,6nX6RIo3AiCUp1-D8yvsFw
1,6OITEZEmtuqlK9HPwFiiiQ
1,1U8lxcW1zEi0VapMTlep4Q
4,uskeJwq8MFUj3DJbdKl_2Q
3,-zXn-yPVJh-8dTgSqB0QYQ
5,ECsZ7RAnhJfjRarRyVIRQQ
3,mAGU8Uyl0XLnAB83hfZZXA
4,N4qGWLMVnSinc6G3ZO8EvQ
2,wlIxI_MZMkjZExX9lW4YxA
5,DfjKDCu5PNCcA2cF_EsIAQ
4,NmYPaAVSmMs8_ik1mBoV7w
5,sF9c3__cTo4rIDK0CoQxiA
3,FWsaB-PFf-qUktsVd7tnOA
2,aUj-qbQjhfPytrJqtjrtuA
2,WFOnNzuHsZlyHAkLsbPnIw
5,_mFN_ftHgwQCAYb2Ez-Irw
3,sf5NPLo1mT2UtHKOHQk6OQ
4,wG2jPCuIIaqHVx7UVHby2A
5,fGIQ9MoPjqvjfSqk9tN3Tg
5,OI-jiBal-dg2dZmR0eROfw
3,zDZ8kR4WqieB1DygBuazvA
2,OWHoe6mL5za_HEVK9FRgVg
1,mQ5Gy4shtfSEV-8Bw6f8Ww
2,FGFitkrfyxGex8U9rm76ag
4,hKhoMJiZJm68w1YXhvI_-w
2,9WYEH71Fy3inSzUnidbcWw
2,T9Wl_u3vpFkUurj3hICiJQ
4,ze6u-5iPuqZOMXbO5IcLBA
4,ZEoZo_c4_RzGYJDlFGUXdg
2,GHciopozXZbtnHmod8jPYw
5,9mHOrNblB60UWq3CgaGuuQ
5,eqTAi9sz8iR5W1MrhG8N2g
2,QOObXC0vUdHtee47yBwFkw
3,meGIj_SRPzTvwwniUuUgeA
1,eB5Daf1Lyx05fjS61S7yXA
4,_odxuwi_AoyIKwKw3KI4Sg
4,CU9FogwNmcsbCBJNfahMZw
1,FcED2d9ZnNX78cohokJgzA
5,Pr1mVkNfdev7Mld4DQ6Kyw
4,tKE_Oj-wxstMDv14RGDnKQ
1,kczJP4dtGqRAk4WzgHwvUw
4,tGsdk-9Eg2KKdEddLhlVtw
3,fkN8vEnDeq8fmxt4L9eqCw
5,ZdMsvw0capm8yXYH1-drmA
4,PUUikfE09wWKkrWwZCbdsw
1,DD-BT3JFLLyxa8k9IVRIbQ
1,umV5tEglpfT1NauMzlgQ-A
5,JWse5op_e_tU9Szdih02vw
3,Vgr96V7g9OycNBCsppWMzA
3,F2DuMmhTgRX0wRI4Rv40oQ
3,NMAzriU1Df4Qa1k-mhcBNg
3,lfTQQujTDReGLs3BOzJBvw
4,ZfnxzPjXRWpf2A_mpnRMTg
5,TJcLNOMxiZaCRaQcm-Fmfg
5,QhkEQ8aU31l10kRTNNOt0A
5,ZF7gcnygZC1zCaeWKNSKww
4,ZHOexFLTaGjln7fhbt1sOQ
4,PfV3QJ74-fKxZZyHWoBMBw
4,rElpZEoukXwn9RpkZMnsEA
1,eQ8cT0yF78kM_o_w04OqHg
1,6bTMVHMRhhLJXD-MnS7hAQ
4,wPSfta_8b2aKcy52_9qzfA
1,dZbFdt5XQ_0OWh8Lvy0H1A
1,C7zhjFwOHjKPhVnPVIMbrA
1,HQdPQQtrurevWwFJNzj0rg
4,1kfsioiKuYV6gHYBqkvqMw
1,1RaZQe46shkuGxKDgkYxxQ
5,J938P2n1qafFB5U198GAHQ
1,mNdtFczxvyAQVNRs1jO4HQ
1,b5AlyISPeQcDNWBkwkfnNA
4,s8CBlVzt7EUSecW0KEsAuw
3,XsRxmkiweBIlR0rcchUpAQ
5,mOpeI1ghT-xjfoOV60LVug
5,Qvsw7suGF5RY55sWS34CTg
1,z92vve5Kh7w6cKuL55oe1A
1,FtuCg-6FeeC2D-qXe61OLA
1,qUiaoUz-nOHjuOeY-k7uug
1,eDCsVDpeDg6lUm1jZLX14w
1,dmQ1Bx2CENChCqCbhrwF4Q
1,VN65sorhpEtFVIju-ysJnQ
5,6WZ5364Wk6bna1Kl-Lb_lg
3,0TvtUbOB_IKlCzclnWVq3g
1,wBoTEJEW4eFRUvgf0j15QA
4,O8CAI_DEKQWlH3fQI1ouMg
3,VRlxtHfluKYwyOD_XK-kKw
4,fwba5PN_Ze7ild23lC19-g
3,V4lkcT9Z38RXLO9UmN7uuA
5,ejSz7dBnSrKE8vUUx2BO5g
3,gcrcwgvzh_xmSiTAfjxffg
3,zLS9tbCcRLODrI3qMBQeBw
5,50XJSYbgmI2ydFz4f3IYJg
5,pNB_qfwbx2U6ROey0nvVXA
5,KjeajgeWiQqIbrNNxGV3hg
4,WrsRm6yMTB8-MbbjOiRkFQ
4,Ts9sbr6jsOknwLfmDs0x1A
5,bMzKR_aAPmcHdgMX5HCobA
3,0IU1C2s9XzBrypKpiCgnXA
4,y6U3MsZkHzlOdi1exexeag
4,jBUx7aTsZ-EcxQfK3MR1iw
3,M6HB1PiRY0BtSm6p5khpzA
5,aQVcPTkAGlCjOw78biJNQw
2,YCimleQ4-KnNdAc7cSWHZA
3,qp-5JlIcm00CS6omZiXb6A
5,wEG97Q2QTQkfef9gxCrQqA
5,SxfLfJenuyNmjkg1Blgf1A
1,TmN6cRaK-YRsM-jQeE606A
4,c8zGdKIF0wnNLtHNdK5Hvw
4,5zcnCH1ietulUuhKmuyEZQ
4,E2vbYXCrCmEIpooutGlwZw
5,sJnRRad2KVzvJsv60y0P8g
4,cdnw5gVpp5GrLWkvLNEnYw
1,o_dX_-4242uRq3SWjhRR1A
5,wRCLRqg_Ec1xwi8TA8k-OA
1,suK_2Rrx5osnec9O4d492w
4,lrnsTlv8L3U3Cq5tfffZZQ
5,ad0pYW14uym2RD1ZCznBfQ
1,So5K6DXKM9gc9aM3FAVnIA
1,EurSorCfYsBXr9AZIA_gaA
1,xgp3e6kmCZ_j74gB86_Rng
1,elA-5y2x3HE1UdCnhXcDMA
1,uJv1mkFMU8KfzFgEpLqzwA
1,x7NF4aUDiCalB6xJoIqyvQ
2,L6ez6WoQ-0qQlK2IGxP15g
4,p9xEcIv4eU9eLIUuIEmn5g
3,VimU91163mRVV3OnLZ5VtA
3,gpYPdmY14IppRJ1jwvF-Jg
2,IhHVuBsDBHEDoxdwnos53w
3,VnlMgYmR3_30kptmmvBvUw
3,0PbFumNOz3FrosQp5EqTSg
4,Tfom6OtA6vbVdIsCE-sFIA
2,iyELQhgOyWACaZNO-B7THA
5,cGNikAzO2qRkO2Rftsufow
2,YkCcDhCf8pIsTMbeoue6PQ
5,GIBVL3yqqXG3jTv2lHWEMQ
4,uRo9ZX_DL79c_nTn440FjA
1,BOOUNsaZ-vQwZhGbKcqD2g
4,qnCVlMg-QrRO8RZQhe553g
5,XxzBS7Ab3nEY5JvJCRLl-Q
3,m6F4QH-fkUtaX4tEQWiqvw
3,dIN0UhWTmUFA3dqEACiSQg
4,lqf5Kr4ykJf7UHa3FoYGQA
5,vlXtQVgfyoOqJ6ADg7oW5w
4,ssRQg4CJPpwvPLVkL_dCtA
1,jQToVAhX54-RliE5K22dtw
3,Jy88ZEIt1bWZFisJ6ixM5w
2,9eDWY5cevgRhywg6uTm8Pw
1,LaKdYU_q4IQ2iNoNCS9k8w
1,rPobFW93VulGI4zEmSBnlw
3,oT10IVoX4KJ_qrkbRtg5rg
2,6Gm2JJlztxz_pJ0WlYuoZQ
1,CyRqleLxVDmI5qwInWMghQ
1,Lwz_GCaudyeAdZoFDFPzTA
1,p_7h_w7N6lu24hxRgLGUiw
4,VvHePCzK-P0kfbAzuy42Sw
5,qu09CdwN4yJ7vzNLlma8vA
2,O3AGrmxFcChagkJqipdF8w
1,BWWjHHMKijEyRsZBV3TOsA
4,wfTHhzcY0M8JwK5PWdrx4g
1,SQhhUWnCN2L691qK5fYb-g
5,7lkcB9MiFmjSfudQ46YgYg
1,C3KLh2kRKv6igfK1wcq-Jg
1,uSj5jsUjI0gFXxfPNgCWbQ
1,I6mZqV94BOuEbgEiiWt3-Q
4,mwUIRKJNt8yLXKyoNn9Ffg
5,R9Xc88P6D2RC8BII3h2IIg
5,xOoaSm3Kpv4XPyxv7QX5kQ
1,NZuk03rkd7PwTk2QJ0q_FQ
2,URKEdhR6hr6iqu4pGhCIvQ
3,y1qRSXr3R1i8RNKZ-IKtIw
3,xJ9sSCd1YDjo6IXeeujAbQ
4,OWdCxJhEfDHaqiP8FZdYMQ
1,mOgfNA6czKloHDJoy5pATg
5,4-MgQt__EvwE0yVqt3QwLQ
5,aIX3jkAGR1hSdEiNWzkO1w
4,r4EDOGb0mwn-T0Fh09_Gzg
1,S9afqw1HfKWBSA0LSHn49g
1,-w3-1fi-dyqdcVLvvg8epA
5,WmAZtvcIcSo7tvy2s-0cNQ
5,2pOgnqcg7cDOppcaLCac4g
2,2jrOcyWcv9C93zBXWvga_w
5,8NDLxP5Veh4dcSVUYYbnKA
1,fGAUdj3K3hR1IwV1WINbRA
2,JndIBwNZX2rajI17eZBxog
4,PUheGxIO3TPHcC0c4B80-A
3,owb9MS1J9IAIPizF-Tj95g
3,eM8_O-p7Pm-_cuY8F5p-0g
1,XZ8ihWmsi9-jobckDprUxw
1,8sqj0OtX9UZXZ3gMLBEnfg
5,s7u9BU5bujmLBUF6hCfDYQ
4,VdfWzEGozvz3Gc-psD7iwQ
3,W8Pvop7iCDX8AKdT55_5pw
5,zCpP_hve6rfPw61hPY_p7g
1,QZgl-h8aaHpkZihrQNFFCw
3,JfNV_U4jLH9Ib-bJkVK_DQ
4,L9MVTcXYJAu9U1rmqakhtw
5,VVf6kPgvvXTSsEp5_S1VOQ
2,RvpgMv-U88TZYgIbafPQkw
2,xpRS0Ud2Iiw1H4zdSC5jpg
4,ufuvPAgD6S6wqsEvzB3Wcw
1,MsPD3V3ouphahmn1cc9Ugw
3,IXXcVWum3icBOlxipmFljw
5,m9uqIQpvw8bOaUtH5X0rig
2,zkmJ-O0X-GSGqdU9at4pUw
3,Mzyx_JCy2L57-7yIb1MhBA
5,suy-v-Ovk6Bid6GxBTlvlw
4,mQRF5HDCTqvNMIwRKkpPxw
5,rG7guYxdnSpQNRfaLUz0VA
1,CRlOHWp3GcpBgQGu5eprkA
5,cHO-sya_o50gpElHU5bAWg
4,LgzHRtqBwOygWDqOE4TpPg
3,231JPi5ZHSSQEvtsm5L_kg
5,d3uQufzbIF6pUuHVRt8rAg
5,eEl0V93uV6G1EJWpVL0YNQ
3,ydBbqSu89uFIVqjGUEVq1A
1,AMfv4mbs2lIAPkIxCQkmRw
3,XxRXUNEIAG0qjtXXoSK2Fg
5,gDAvhBFGOZkVmqxPGA1v8Q
2,qj5CDTWoPGw5V-QormbhuQ
3,uys3yUHHVPUH7yKeqlgolA
5,OvoCZAtsH_Up3R2Z7su-sg
4,-KuOQd6zGqmJ2_MN7XG6YA
1,rIOxrd3sBOb6aySxPbAR4Q
1,dQvjYOxN47L4Ypi1OMNmdw
4,taMpkx2YOSLpfKQHoKaI8w
3,_EcFfNTxiqiZ7VihbLRe_Q
2,FrQw1Zg0inH2HXpogSGtrw
4,Sx85Ixg2Fc55zx4ONNCSAQ
4,hoc8L1yYTyB5NkS5Xf15yA
5,Hp9TFlSaXYYh_Z8So1cifQ
5,JfcMcQBhsk5Js4BZosl7IA
5,BDc4v0BJV3YJz2jVGSJPlg
3,-p7bvE5yFoHS0rmDvn0Zfw
5,F_NB_XCV2W2Ufeh7UdGU8w
5,j10rhrOdfpDpcYnSR_Cvmg
5,3eq1BKnhYO0lgK65ZgxhJA
1,c2wNDMY0d8mNBOTOE-o9Ng
5,uYbI8jwtj9RkGtKzhy9h2Q
4,iBelnmESdhAwV3rL8Bd-Lg
1,IDXwXS_BtT8Jv5dtM7ZyQg
5,992iYuEhIxSgt3zsdAvjpQ
3,RTiTAnPzqU1alPLFB_wFMg
2,DK27znfhhq87qKnbqFKroQ
1,rMijg4dztu4AIWPsVMwyzw
5,06IuyKQjbtfHzp2iz3mDIw
3,yW2M8nunP4TqOSt6KUfPTw
1,xbtQVf8Mzl-545j2v3UtcQ
2,bhq3lT0VPd-sZHlTQOYtLA
5,RPLOBoCsOkPMp89bq-EynQ
5,tZLhfKCqUU063U9W-cQp-g
3,jL4sLCerGwmxC2yZ8YHj3w
5,GbXdRfpxvAb0eun6GMA_Ow
1,VH2Piitf99QNXZge6yhVRg
1,K8xSTfIr4KUtrQTxcgrAdw
5,ZUxKZEixh-7VhgZsjaDyUA
5,3WeXlgZpWQ5WcWZl5X61dw
5,Y-_jFfy-p_A25UVgQI5Tdw
5,tKcmLu6berfvNpxmSag8rg
3,016eDwbRGGLn7b-tvn-xuA
3,QvuQi_zF-03pM84SUPaf2w
5,ISEmEeQ9PyATqYi0C5rSUw
1,7FL8AlSrkd8wcfaVa_TdfQ
1,4iTYM_R4ve0rcukjHKOdQQ
2,Np-8LskFSrGtJihHeND2wA
1,CrtDPLJliYLM8eN3-LU7gQ
1,rD8st25o-7w6_hpm5t8tMA
1,MgqX8QJGeguSuPNdlDHGeQ
3,Ty37UQWslOC54q8Wo3xzzg
5,rkKwAxXCjc5A0p283_1vXQ
2,KGB8cV6qEEGTBvAKJZTDXg
4,EXnlovcvuGvfXaXQjotAeA
1,eRFt5mz8oog99vRJfdMbYQ
3,AwSuO_mxiLJbQKANDvmtDg
3,QGhWmB_i44aMwVpgOXCdAA
5,_b6eQaR698YaqdkEkDqB8g
4,_fZgzsLiQu9jLdaeO48IPw
1,37zFIWldDavyH4wQ422cdw
2,CkRAAj5mSGSL8Zx9muynPA
4,EkWkyvj5BUYb36OcOQSmpw
1,zQOn2CcfeeF1kJRCZiO4hg
1,fdPaQMp4J316GQY_x72LJA
4,wa3tvses0zMcpLH6IREmCA
5,x4w6ra4ax5KVZMvwQW-Z2w
2,3OunPeAI8icn3Vz-WsXpsw
1,1yMbfEQ7HL7Eq8zZP1lHxw
5,rd8c5JZxrWz946mv4uXXuw
5,_TyopzYQqEvPxiptjb30qA
4,hyo0qUOpXQdfvJE4b4IJ7Q
3,6A2a2FMNedzKiHTcH17gfQ
4,ablpB4xPA4mYYzMwu3T3tw
2,uaodYVyWMleI69R6mpEBng
4,r_KG5voe5o257qH_mMbICA
5,dRCZ6a8cPYGRsv4IisZXcQ
5,7kO4mBPOK30071Jk2uZgkw
1,7NQxVRHBThHiGyZPxz9Z4g
2,bcwT5bNhodSqrXp91hCwbQ
3,6WyFAEXxUSRU3fy6V4IpgQ
4,KXfWoMeoftx3kuBOu6jcOw
5,MIqbB4lLtgcls6P238vZPw
4,K9CUOO-BpuCVKQyCDULPwg
2,r6V7wvXTN9W-c91DkXArvw
5,HghjskzBgZ3McnaFrMNxRg
5,U49aBfDJNosvrV94opD4GA
1,NSdAL0svuZQvWIcLCxblCg
1,gehy6XOxFuJtwX1cMID4pw
5,qlzIfCWgttnbWlM6AoKdPg
4,GAMUR2q3Q0QaLLRc2f7mtA
2,nwnlKZN2MWhyL3aKUqY7ig
3,Jb-qUSRtBAbMJNCRG_RABw
2,edNxkkj1bb-wKwwPixUrFQ
4,UJo75nHNl8GMWiXYr4WQUQ
3,_IXRH17BXq_ZTNvnYjoCPQ
1,S_vevAxTrk3WrsWiqr4zQA
3,eyjUHa-_vk8p9u1_KAxJzQ
5,FDnjIpNHHaClyOilwKbP3g
2,dhy2TiP9TOtNKjRaKQYkfQ
1,HYmss4BRV4Bg7221LvkzdQ
1,oxLXnNuXXu0jXb13Egc60w
1,gw8eQ3eDQLFnR8eGlcW_Ag
3,ugJDuygch_hfgKPoSL0z6w
1,qG28UPxZkK7j3eFQCzWNXw
4,G7ZrwJ0AHn3X0tiGDDCq5g
1,RhKePCg4lIbMEvRUylcfGg
5,wdZgXe_1Kdq0YBMEj6xZhw
3,hkUtfKzvQHfPVnxuJYaemw
3,00dP2kKs-pTJIR3EJgGB2w
1,YFyjimLkeLCxlBn7YlzEEw
3,egU3cESy6dv4PlDZZXY3PA
3,C51ByoHgaqtKmMyK5DhRqA
2,KnSHa0gwlxKPw7-IkV16gw
2,THVSynG54YEUEidhhiuDQg
1,Vc3xitNY3eWptTn5lD8jJQ
4,PlDsmcxmfOwK8KPk3-4gcg
5,Bl0n_q3M8AZhFwGKrQbLGA
1,lfFvyb8IUKtfKu8syx_4oA
5,t-ikZEE2VZodjnwh2JMYYw
5,IP9F21bDXG-X8QGsEzl33Q
2,cdKClNVX1vS2tSkbEr-0AA
2,8RkUQC5pdl6inSEe9dcO3w
1,g6L86oA1UcxyiEQOEmtsqg
1,f0PKiM3cqFDtQwz0BD6-Jg
2,EG9zmbAkLQJqDcZbxr1BPQ
2,W0TNsucMpMTfzWZjbMIizw
2,vxOPIdtFESTiAkE16-7IZg
1,5BpQZR7XRb6k2IClYIWuXw
5,ge7Uc4pIw9gVToDJ0gnfwg
4,-1MzE5GJPKRLfcuj1bly4Q
2,CmRn0BJvROzzdCykZDLHmg
4,bQirv6h0wMxDIPqMUWN4qw
1,2qNbB_wV4tajQyYRUqaNdg
2,75jNxl_4t6hfBtbXPr-OfQ
4,C_ciZ1TbOHELEND0VaXDzA
2,W7taZaLBI6HwVb4zwteW0A
3,l5vMoIwQoyzR4LCpv1p0yg
5,iaod649wwmF_dJBIBacBCg
4,1BQeS2iZL99nFzsH7aZTiA
4,9We4OuGRXXqsTA8mJg0hPw
1,wiuqE-S9Ekam2k33MX3Qbw
3,6QW4JcY0ZShXbgE3pXJk8A
4,GvUqZK0c0kMuyxbJ-qg0dw
3,jjpRP-H5U5WC4vrGtb4LBg
4,nedt_Xxs95zOP0ZXzSMx3A
4,YvY2PHGuej8oQfkhNZShxQ
1,FHEgR4yfgIHAQLECHvB61Q
4,sNgiF0h5DF_esMYeElZCEQ
1,OA0yUCeUGrdRN5lW7AUswQ
4,OJ2VuRJhYLp1zANf_C3oSw
3,p5pLf8DSxZbZVD2NRp1JOg
2,iIF1OduxWS3BCYsPFT2WbA
5,Slkdwv12Tl2CwNZRIplawA
3,15P4MMfdcvKFqraEYYV8kA
1,UDLNhDKEgyY2DQdVzRzdrg
5,pKVx_NhKN8Ky9pS2da3r9g
1,-f9ofbvk6HYtioJakPX_Cw
1,TjZIYShdHgoldSRkByFdpQ
1,q5LB40QRTREngGhX5mGAMQ
5,KSgXBZ7qnjZPDMzft8tAvQ
1,OQQIrk5soEnRM1R4T1YVvg
4,EooTwvK8vu-ok9uwENQvrw
1,kUU2MOAlI8qjkt_7fs3v1A
3,8bnFTCaKiXEklx_DuZLuVQ
2,oXDoto8RXqbsY7mJGDMq4w
1,CY2hugqnlU_7GBUWF6XaIA
5,R2fU30PC1r6Fxoqzp9x76g
1,COSZqaruA4uS4rnbkSOVXw
3,axFdsrRNeDCppCQ7kKWBXg
4,XBnkTlfc3lKy1oiNrd3H_A
4,1b6dTxvBMXXwJLTqNDZsXA
4,feNHJMkpqsYjgc55_53AxA
1,y654LqpSWvooiUeu9QBCAA
1,sr7AQyTItWqT2PdwUhYGoA
3,WgagxaZDMqsY-Cqs5cUuTw
5,zzoLqVbXiOMB06xf4DMVKw
1,ED9ONbk4t51KKvg-WXTw7w
1,KVDoL1A0uhJVDZ91v4phOA
2,8RqrLem0uRcPnHgq-BDh1Q
4,jZDL2In70_fkC05gEfHJXw
1,_--7fJW9gxXMB3oefW-Q8A
5,gYaUZwHIzPpJ6zvMGcx7LA
4,verhxVOyrmt84UiaK_XreQ
1,_gdNl4uIWPgoXYMiPpCOXg
3,q2i_5nIbsHdxbSK9R4rpqw
2,M-0zSqlDmSxvVNVjZVrUBw
3,97WilrTg9OXTAOjpZG5Dvg
3,TnXvn9Kn04ox1Zn54mRSzA
2,KzAOraKo_18q0Gst2R4yeQ
5,tfHG4Oho8thN3PeBgfkfYQ
2,qM7JBcEHvli1Sf63t--_ow
4,LFkk5YIqjOed4cur6JN5_w
2,GTKPd4pNfpTZhzwrJ89CXA
5,kjv1-x-E78Lqm-KbhoBfvg
5,OYRdt3b_s04t2j-FcEI09A
3,vQm6EoJqWNUNJ756Ed33qw
1,xhqvnWmqMKMLal4Wsgf3Fg
1,yVUNu5JVc_ci-TJT56vadw
3,l_zVF_PImRitwKGeZ4uCyg
2,yBnYPbDJqbzl4n1mnbitTw
1,OX2CT5RJJBl7eIOw5tBZ7w
5,szSRnizBYy2qFwkAf7Zx0Q
1,f6gNnOiOMg8dPDFtYmrKbA
5,bKOJTXqq6uPMLsWkqQpXvA
1,qaNIYM5EJrlvVvtPhX7AVA
5,_eC25XPgjbR7Y3Tumxap9w
4,UC8m9DSNFebkpECmvxz5fg
4,UGXpiXNBah_MAtKuBhM2qg
1,JOL5VvFG_5X3CeT0Zi3h9w
4,zbfqkyAnLPdcQ_ivrSOt4w
3,53KS_Ro6WJ95J7cXYroDJQ
2,jQUlGktidajN0kpNykk1nA
4,hSw9DZYtaqcsdttish-n8w
5,2K2Z6ULHHKGQBPdUyxC07g
4,6gTAPkOYMDNaCIjTFIVMBg
5,rql_v5bsFh5iAevOYs-2Ow
5,1_phe1DNNDyvXbdbRSGpeQ
4,daJuAF80B7kx5e2qAbBz3g
1,enoMz3yNYSWFNT2OHJIiLg
1,vj-R52xb-rpwubiYFn_uUA
1,yaOb-IgyMipgDSa1r0wmHw
1,CrG63pmL6n1vJJDSfdJy9w
4,_N69ZKFupB4k8VlGfpS9NA
5,369z2SyHUgaHwTia7PN1Qw
5,U5KhuSiJ8Wa9l6v-IbsKRA
1,E13_O6ZbQu0HN5At4oMxwg
3,JkDTXvImiVqc4ae6c0MnTA
4,870iko7DSEAbLw_nkI42Qg
2,bk3L-62oZN58G4h2SKkN8A
5,-UI4PNm-Z3RGAzKNBRCGIQ
5,CTo5qy3UzYUXIKO_2teEtg
1,V0Q5IbIV6PEgrpYxi0tAHA
1,6WhxrWJDTRbb7oHsuS1X2w
1,FTx_adHS1SPmzZwtvxfgUw
1,MUKwTs048th7wNPIYXlh4Q
3,ahJzwTgigejCj5MtuiAp-w
5,H-seu35OlhS3m7GuXVRBBw
5,F2_z3B4D0xHUuxnSUVvh2Q
4,v31PMfCVtyqEweUfvq1tLQ
4,cUyiF8L_x2ttXldvJEudRw
3,57zqgIQk_td9W9O-GZ6vNg
1,qPgTqaUtPBd2lnvjqu9Ujg
2,sXE-tx9nf42Dt2tYKA1jyw
2,_JclDJl9eoZxNPwzl0gR2g
4,hyre8AdAVPFeVTeYnE9V2Q
5,8PO9jowcjP92LSXntF7F7A
4,chXXDGuHmODklqCE6VBpAA
5,qhXO_bPkZxrBYOHV2-MERA
5,k9hWsCMIhTn8ss_Mz_rcoQ
5,27dRC2XYgMd1NU0BWJ9pOg
1,th1HHFCeYQQw4KjXxTU-3g
3,mb_QNETSCdjflitzDCQDxA
3,pMyiyBaE_7bTSj_rLBfssw
4,jjwQKJNZ04IvRz8DZRjI0Q
2,QPAAtQNq9QXPeLeWEgOqow
4,ekhuOz0qdHFiIWT0YCn-TQ
2,CgIpzN27yRctFEj_PqPDXg
2,wjAAnIkCejTPbeoZ61Pgsg
5,Te7XuTW0-n99jxDDCpYSGg
4,Y6wVv9Z_FHd5i5SzZmZDeg
5,8NsplcqxKWA2wQ14I-PwGA
1,bSVkGtURaqwPtVZhWETd6A
1,K3uS91b8xg6D8_aPrKN1vg
2,aT0r0EhvpuAJS5OIbLKjSw
3,luugHEuQ4NJgUFdWTsX1cw
4,IP7gDuQg0YgzHRBEb7080Q
1,X429lzW1hsLBqBoOmFpZqQ
2,niXT7o9AcG18zC7KlaAEEA
5,RcQzwnEP5ZSlOVPinBdn4g
5,KfIPO4Z4ahWDvrI5IWKN2w
4,5taiAwYS4efYHfmsjbGPQA
3,L9juWtqEDQobKP-iTNs1JQ
2,imTKtmxIl54MLIXkDyLk_g
3,vlcCF26JtEsWorXFeRHc1A
2,1DOZTasutDQFdbXRp8ga3Q
3,2ubMNUtVKv95hawTskyzLQ
2,OLSNptUMRC1xfDaUpiOLBQ
1,5bR2hFjmVW7T3RruuKr8og
5,iK01_45IHZjBo5S1jqRmaw
4,2bqUEHx90rnNWDVAlVYjKw
2,d8gu-y1jRxKFcIWPoz1iFQ
2,ZUlSKaDcRAZIBdfmsbJU1g
5,WtsSfJneJl6ZHFkqmkmyHw
5,_g04K8i9AoKwKKI9OuWUvg
5,YYriFdTk5DCFOrKbxRApyw
3,sRFSL9C6JAYljGbj7p_wyg
2,YmA4Ngsu_KJLSUPvof6qvA
3,bFKhoooXfzxbdZqn65Aa0A
5,HN-xzdA0w45xAkZ6pKu4VA
5,gyx3zPbktTvTKJ_D0FjVGQ
5,c8e7XGgTgQ6XkCwX70AK9w
5,Xio3HatW4VUvxFbIapNQ_A
3,H5uX1GDDyThQkhnSdCrDGA
2,Db-YGbGulXGwOy281UMGkw
4,8uakWvIEDPXwP6s-7qHipA
3,tQV6GirvH1dYjFsGR50xaA
4,VX8hQgX-IXt_x0UJotqvBw
5,zDx3aI9QDtNzMLGKVRFdQA
5,Azhndf8J3G3FhhfJ_ITE3w
3,Pqz8MaCbSq75TZjLU6czCg
4,ygJV1vr05txe1obigX6WTQ
3,HKdqL3Q9R89IYQs6hfS33Q
4,llyUAHmR2SsG5skoN4hreg
4,ruPEmlIypDB81rx4Effvow
1,qg5rDxmcvhpOu3FnOh3DBQ
4,9biybFhgRfLRLtY0p9neOA
5,ZtcQrG3xj8qligsxDfJNEg
2,19JGYFcF2PIMlXEIh4mHAw
2,UqtH4J9yV74GdP3nGLsu3Q
5,3QcJTg6trpUYu_YQdq7TmQ
2,E50si4fKk1F6cG6rMxqqqQ
3,sqoMHTLWHSNuZtow7mgFTg
1,sko6oyYNcU07JcHWJd_w6Q
5,PvrNoXq2UJLfn_BSgiGzbA
3,OYCEwdggfN81Nwd1fl9zWQ
4,RP55ZYFtR82HwIj5HLplGA
5,iPlK3byzWpLNxgyYkRn0HQ
2,kJypY9v8EF1a8HAfqH5rzQ
1,WLmDKm2nM1UXo10f0y4zpw
1,LrsN3evC4UtaXx7RScqVUw
3,ISykURqMfKFGZ01iZcs1LQ
3,ddeIuQgu6iUsj2Dv4A0ymA
5,yXo78vgNiRdeUZ0cVbHspw
5,q91Smos0Rwy8SWi20gEqAQ
2,okOVcFZUGLoESR1IezWCJA
2,c9bmdfctRhRjR7GNdFEO6A
5,HiHtSfsOq_rHc3h6XiJxPQ
4,nByAeEziH3S7YD2_LRU4BA
4,KPdDs_6cSlc8jXDJ7dUdmQ
1,6Lp-8Di6JLYjIMcYkqE0Mw
5,jDB3zcPyHOueDlwZa0udMg
3,g5PIrG_yTOlhGp0kr1iR8g
5,p-skseCPo0JxBREG4MJgOQ
5,Tf794IDWaibgPu-tnOeYZg
4,L_Zl9vCA9qC3BRJwAWFPjA
1,wsXqWLokuBVaz2-nlqaOrw
5,UtUEQNtaQ-Ej01yzHNLy5w
4,ofWSVKIiTnlXsYvr1eZgwA
1,SsnOgm-aQy9KczvyDOE9oA
4,iNjs9GWKG2J0cqQGdmVt5Q
4,TVC52sZpXpEILvnARvjM6A
3,G2lzJ-TWQ56_YOGeK3kYfA
3,aPnfzWsqr-0I2QUJwNGRXg
1,Igwg2Yp-tD5jftflu9M7tA
1,6CEXD_cZzi3Xg-WV0tTYOg
4,cVrrDiWSP49Ezb9YkYMT8A
1,rjfhWdmSXS5u07XotXoJXQ
3,IbBZEMTKL3OXlK-ld-TW2Q
4,QbzMhEiJe-Ns65NGj6r8-Q
4,AfVB6NCtjYca3i6BertMoA
5,mLgC_ngnpzMy2zJMlwlx7w
5,FCDRm7VxGCIOwf_ilVP2AQ
5,xx6RSYwMC0QUTuxWo_M7jA
4,9APD0TxcnjnE4jZayxTXKg
1,oSTqO0jye-lzqUltJ43nqg
3,d4Z7hH1QEGfngCXdvayFQg
1,Rz4QBvAM0KM7fiX_D3ffgA
4,SS16_uj5CURDmhwEUKXEfQ
1,3RGHU7cBhsNUD0xWYOkBZw
1,FsUx8Tcti4CN89WB3Kfrnw
5,p4PyrGY9SLBQKqCU2QWMqQ
5,7vVB7m7rY-xYFQAVdUmqgg
5,Aiiqpsf9leL459WHMKA6GQ
5,8PttDj7u3VJxcBxPXLzmlQ
1,2f5TAqihpB3UMayAstID_A
4,Ahm0F1ZaSNysSs-1QfFsDw
2,QJ7Gbfp6S9MfKo5VZwJBkw
5,aRt0bDuL3x2hQvqtpf0soQ
3,XY7XKN2gWheDeNF6QTYrSw
4,MrHiUVHmqmEqke6PYuyAjA
2,DpqFEqVQNuctryYD7WAt2g
1,TtS6VNTtU8M-03pmv_y91w
1,xR_Ro9WSnaZfovZRCpyL6g
1,tME8s4yoYidbB7eMYS6xpQ
3,WMQlk1mNfg2WskC-8hwJkw
3,VRRExovI175oTFqhq7HHIQ
4,oRaXO719pN8XJxE6t7QFug
3,xcJsTbrprS0zFr3f0uPTvA
4,giA6Hn5WB6Nhm9zMS3JD-Q
3,1tIeCqW744BflRG2DCba5A
1,I3-wzc7Xnb6RgcKncIlMDg
3,VccS4niaCOppY2IOCibhqw
3,A_yYi4WSI9lC0I8FcBRg1A
5,bTQ1UPqZQUgeXlWugsf66Q
4,tzFGzNJHC0aNk053FtyJgQ
1,z1zCNFg9Vc5ir3ubhJq8gQ
2,USy_kdlkLcd50xyXy0oI8Q
1,AthHGijYqUdHQ6F8vXg4rA
4,amu-lUs9J-4z0f0diRK_aA
1,1UrnWuOcLPd67ct2zRMplA
3,2Re9-Gj0DGkCkbjTg6gthQ
4,A20_oVuhBwYERmIOM2Tw1g
3,DB2yl0-dtDmsFGkQGzY18w
5,W4PvYTFRj1UW_CNprQ5vJQ
1,9rE0O62gZ1roptti2ii1EQ
2,ZuKtWhg6tG100kIevNhf2Q
3,sUUSIhTHDAjNNbZsOmYauA
3,LorXg3lyRM9bDBwBP_In9g
1,6jVKRE3DqEqAOVJlchw3ow
5,SDvBBtimqEMkHy54LO06KQ
1,BTuBleSGeAK8VQljE7nOzw
4,sG5XZz3T1jow3IF22IpAlQ
2,BC2Qyz8Y_VDUzsMLcCpCbQ
1,T8fIm2RN3hCLh1iaTqZe7g
1,r-PdR8GMrN29lse8zroebw
5,hATzsahuhtpd2RBHd9da_g
1,s0g8UYkRMtzoPqtaMmyybw
1,8er8qK6CzCOvDkzzmG8Hzg
4,jFrPIIrVDFBAqV1YesZsuw
5,0ylpxKXmhF7vzsDj6iGnJg
3,oFFnqjgTnGJutklzZhUKbQ
3,souq_JfD21fjEkSduSXr4Q
3,8r_XKv1N8mBbR4yW7Ejw1w
1,1rVepHZxNQlYYYij5bzTvw
3,d-uW42cd-MwuwqyygXankw
4,N-ORv19owtSeAaWsuQEneg
2,zGAvrElaD6VX0heJuWvGTQ
3,f3qmrfIDtvlUcXskSEH31g
4,xZziFHAL4AuBs3P7yfiqlg
2,JsUUP4TY1ZoXRta_erpZzg
1,C1WNdI69PIBvqlMigwkaZw
1,Dr7WodeX_G7WZR1X83q5uw
4,9aBdJJyIhPBc2FY4hNrjtw
5,0r6braisg7Bqck4gve-q0g
5,xJWD9HmuU3V_67-L7-rWpw
2,gaRT7S86kjp33QXJPcTtgA
1,0X2WBNbT1j2t5PAnZmFbgw
1,oVglWLh3qC0xB7cKi0Eelw
5,0z4gmuUaywh4u0vv3LqPZQ
4,avJee8_AT6ayfj9Rhp2jwA
3,KrnS9s7iLRCEi294Mq-QIA
3,Yv0aRnEGfK_-4CylF7Yp3A
1,rChCErD4wG_pw_Nll_2-OQ
1,T4kcx6yx2HtN96is8m9xxg
1,ObemwYJe_DPX2q7uS0jpCg
2,BIYidztMDB_IG4TLUrXdWA
4,z7cyPB02hgfH6jxMf4zYqw
4,yeLprf9Eowe6OXtbA-tucg
3,7KJRw8ewdTgi0_w6JU_w4g
4,_JgHzEX9NMheqFFb9nrzhw
3,SweAoDG62_acJTY8sQjDGg
1,WecQvg8VNFpMSXrcMYMHmw
4,9Q_hQOhxj-Y4UAfzAfmtFA
4,oBpnAr6imrMBzzmBNulQMw
3,ngrgrkuWi-P1lCXm6O-Q5A
4,-qB2Kn-lUnYWzGvj7NkTbA
1,v4bKen943SVgi9J56ZM5LA
5,B3C1ycmkF-Dbndzb5jYHPQ
1,0dpSzWs3C1b-hlz8gNLqxA
2,qv7rCKmAaEnhTv7Tr3OP7Q
1,mg6kkYVZ9lvqRbMwUk4iqQ
5,FUyERlmm2KetEvhXTOf0Jw
3,2ymYq9plLuK9Ed9orCi0gg
3,wAfJx5-IRmfgr3F8ouxxDw
2,wQ5whK7Pr42iRsX9IIH7lw
1,wO8PY1vTjHtnBoLg4K43WA
1,lOQPH2H1l4Qcl-DxBhomuw
3,XvK-rHjCD5FZpunad_dhOw
1,29UsesCYKClNLTNyFlPK3g
3,o59m4qmx31OdH3r3z5uJcg
3,XomJ7X8LrJ2vJAv7aPyJZg
3,lIlDhu7un4ns9ZIpXPlOmw
5,gf8eMfmYUEuXiV0V0gygfQ
1,l3PMiozYrW56MyEQ8QGZdg
2,QfsZ2Xsi0H2FGk-HnCiJ3w
3,Es9o1dN_ZSW0DkLMu93MnQ
3,Aqm-imQ5qE5cOvnX1mLdyQ
1,3j6Gs9vteym4b3GLotp5FQ
1,1tLfzEJJhfgDXYuBXBtg0g
1,_lzxLqkj-qverCgPtDBWLQ
5,HgJgCB-RDZ9rBU-RKPqUwg
1,hWMtdXBljiaT3T6qFAuo4w
1,OZc9vCsebVqj2StF-dNeTA
1,LzH9RBo3V_i1SaXOHDdjNA
5,5NC_Y4AFtUrwUlnc66sTAg
1,P8903NmU9aymCCJig0UubQ
5,3cFr8Etp5CFTMmne7SFiJQ
1,XEfMsXJ8IvJ7FjQ_xMbdAQ
3,edOnCz1Ie59iLiisRoXesw
2,xE1T2MXF9HKiGJLBA5NVNg
4,3nFzbLazruvabcesHDL_vw
5,KATkeOcl4FD6xsVctfuPiQ
1,zZycIa0e6-SfpKHPXt4SbA
4,drgMLc5ScC1fq0kWOjih7g
1,WjJtQEyICdN4WTFgwdhzRA
1,4Wb4WO-TMXP_9pbd4bC0Dw
4,xvKctQTAIjGclM7EcEm5Gg
5,a6akcy6fpbpPkVbqjIHvTw
2,FhEXkOI10cqg1sBDv3eqdw
4,DMNlXisAIRx-vZOQsUXBYw
5,BXXKQgghLJWzH19kDgEzSA
1,C-BZapPShNWNn_fDv_b7nQ
1,ouBZx2TftyeAPa3JRIiZbA
4,rsP4zh-IOVKkhFgB_gf3Fw
2,V1fu5nIuDRjfgb9jRA_YHw
5,uJUXJbEOsQ0roz5XliXOdA
3,tnk14VgXGi2m_I099Vua5Q
3,ci6A3bc17Q9BhA1QSCsUbQ
2,i2ViE5-64zEqJcMkaP-Rcw
5,BE9_FN73zm_53IuJQsnqUQ
5,P8Uq-QZzpJ87gEr5XMx0ew
1,oPbx8qRkpZs4nnuNvsAfRQ
1,8zAsJobFyVsDgOOutAY2wg
5,Ej424rIE7Zsc8pvA7D7fCQ
3,uOZdYaEey9bDkSf0YkGHPg
4,Xd-JTZo1YZXkb6fzTXvTpw
1,ORZM-UP_lUUBu8lhNI-2Zw
1,F_O0BIbXxTFzsa2W5p2ndg
1,vPt3G_-lGTyvQmUfuKnypw
1,t06ACWkCrIEjxTlBXr-2aQ
1,fZw6oyjD7H8wEJ6CjrTDWg
5,HbRzvYDk-mW1KkbsRORlSg
1,iX7PgW6gGHr4UCY_f_GsMg
2,nPyEIS5O9vv6u1_Ip_CwxA
3,8h9lUjbELNIS9A9XTL9M3Q
4,9z2CuKMSpSDlu5g7yy_HLA
4,tuUdO3OPoSKMlMwkB0NhNA
1,S_4yR6aZWn1o_RZO4jwqmA
4,0Zx5vRX2K8GlUCfYQqYPpQ
5,MQ4okTppbSw_zCg8Oj3SnQ
1,3AQvF8YnlQLlNsp3Uv8nTw
5,-MJEHUMxSMty2eCA5CVYeA
4,AL_K_IK0KI7_yfCZc8XewQ
4,FFWzxJrof6U74PSOoWA9Qw
3,pu1qT8xCud5rt4i9Ii8JNQ
4,GuLeYaFbHbt8VEDEjUS4hQ
5,FXxITf0HKDBggJxnU-gJXw
2,F6kDON6DiNc96QurhD4NeA
3,tycq2tBZWlvyxlxDsFIpXw
3,8C6EtNFvzTvi2V4Qb9IqbA
5,3vKRC_TbsLlsC5q5UvSskw
4,_SlWw4XETZbukbapYWYYDQ
1,_cE6DtIY67VIvkKk0WneUQ
2,5McsGhwTKXxptrI8c_44RA
1,tHqhPj7TKu6wXiRjmhseHw
5,VdTdvR38JxtN2680APjTTA
4,LFYOfQLtYQH8Egm0sBO4zw
5,RGKq8-LjTlYdcrv_l5brFw
4,i0C7PlOZ532GjUigR7_Qcw
4,vhX1DDWz754EmUsIzK4S0Q
2,jgxVs_-ahjcCWnK9GYAjeQ
2,zRA6fKL9r_aiS7gpBEQRAw
5,vn2I8okF9YVs3KK8fBL_rg
1,C8Ns8JH8dKjLvetRlqbxNQ
1,6dFYDyY1IfkVLDTVL9UmHA
5,tUuWkP4I8N0Ii0oh_-9HNQ
1,faBtljdoK_16UlDqAuyXLQ
2,oPEeWhAIhMFzhzt8Rtgl-A
2,83syxLQiMTjLU475MSF7pg
4,2nLb_nz3vO18vJ8zDL_8SQ
1,vzKcplwzv2fftLfuTBZAdw
4,qLAB2B6BRDapCA-vLpwYJg
5,hJ8P-Mw4pC7sE5_YVP2izw
3,bHuMCHep_C7lkn-aseePyA
1,e91IO2opmkNF_X_FFf-mEw
4,xHO_Or-Gapgge7QhtVCpHw
2,oTCZM19vaevcq4JoCudytQ
4,OaL2AQUaIZciQ9ACOdFRtg
3,EPGK_LlQqR3qF0ePGBBpCg
5,V8FX1RcnL6YTDOtRR-4rIw
1,5RuXEJ2MFhWOwetRqWJppQ
5,5W-CKrV1QtMGRU5mP54N0w
1,46uf36ndo6bvqSk4RrqNyg
1,FKYg2mEJx9mx4i2RoIdN4A
5,cw5twTd-fHlHYSHiog7GZw
5,uFo7CV9nmsZMIY_y4dFd6g
3,uL4nM0EqakFrpEZ9m9vmDw
1,OJ9ksrj9KS5V3l9YwYyzEw
5,8Fn0xVjM3jSZ0nstdXwbaw
1,u_FKVetZgefTKnl6qMWVyg
1,_E9sfpIQ5gLIGeckWnQT3g
3,a75O8WtqxEsWTkF2Am96Mw
5,e0NxyPeWMhnxu_LKIDUgpA
2,d3dDCTMkg6E1RN0fTCnwkg
5,D0rIp2wX_KU85Ay9xa07HA
5,T1OrVGkEqQ8XuyJMnHIFnA
4,BHve2aeG60lbKgLdSU3INQ
2,o35MLuHVhWTf-knxMMIjuA
2,UjQRGSnvA-ay_eSR88MRmA
2,BEaAYtW-4kPFsvWwZbd3hg
1,2nCK--ljpoqjm2IAT4QB-w
4,IJJUAEHO1nEat_WmhHi9eA
4,o-Be3JU4Yj1kCg7IGM2dGA
5,h5ngasPd1Q9sBGY-5E2qPg
5,t6PPyVvSyvHg2pDrWl0R9g
5,KHhU_UhJESIjTEGHDBlmqQ
2,ZFmZhBZVwIEgDWpmIiX6Xg
2,U_ati3APse0CgikmdxN_Aw
3,cF5Eq3S9cvaQPPqBNKhzCg
3,29Jp3l5qpBGuODjDAbNRFA
4,nvmsBm5IkaxMPH9_tB8aBw
2,ev8qxpAOeNXgkDKxJXtdbg
2,3jsXBmUALFU6RmtM6owTcw
4,kxKInzcWZXX8y9XpgDfoCw
1,CDSqUsnaP1QhRoZZhdO2wA
4,Yalatx_QvtJOzU3b0tCLGg
1,14dbRroKVuTUYAj2UCAozQ
1,1ELl6mtCgWqPN69qJzaQxA
4,Tt2QnBGiTCncqo4wcM7JPA
1,vz8agGeY7FV_qK08Nx4FBg
1,rkO6Xu6O-7tLqh3wjjgXJA
4,O3MO2wBbIQ8W4yIN05ytRQ
1,No174s1OAX4gg9d7lbiSmw
5,VyZYwP7pi5ArZ4X5mF-WTQ
2,gvbM5P2RuCmLZER-GGBqpQ
1,h-wImEWACelaB37f8K8d1g
4,CC7RcBpcU00Ct2oQc_ylsA
5,T7XJPMXOqAR12dCLHJX6Gw
1,-gkSwqa3dojpiBklW2I0Fw
1,F4EsgOKgRyNkUgnvYfN4JA
2,Acrrmn7S_b6Wd81qvqQhAg
3,0Y6vZNP4T4iAEHoxeUPuHg
3,lr9DhB01mrjdC6MMFYgYkw
4,eT7-TzLP5zf2Uq0EphC5iQ
1,-gvqVsWQJEWz8ieijTV9zw
1,A5mh_gkCHiOXqBXYcws_ng
2,-8mflyIBl2C72QhOzu4wFA
1,VkO13SxQ5fWBITCVkdkZfA
1,CJfsyPXFV_mLAySO1ijobw
2,JYUgdeN4LStfiI-hR_6jmA
4,j77BKkKL80uUQLI5VwJlJA
4,o6W3GQEo4GlXXDVMJk77HQ
1,KgI1K5YJlsaX22o0cgT_fQ
2,MxsLb7u525iIh4xjBFDSkg
3,7F1ny8Ph6TB1TqQeyqwXxw
1,pceOAQNJbU94meAudQLgtQ
4,_M8ozaKujAzxP5MWJJ5gqg
1,-gb6QxAMlWpF9NjvYPDzsw
1,8CSDbmEl4yUeEk7gIsDpgQ
5,mKMshA8Gi5Yl41DoSnICHg
2,0XwjM6GkBCa4EuBiStZk2Q
3,OLEqMo2IJuLRBd6uAwyU7Q
3,jBU4-CGB17-fHVt6p45E3w
1,Exgxl5JFI48DaHL4T5_NJQ
5,rc-6uuP71Ug6UDkS7IC2hQ
4,47eTs7jzK569k7PyrayAMw
1,uMQvvm3WUM419GYToMZkAQ
5,g-CYrpvJ2j0xfQ5K700EUw
2,OhVIjbMbbvP6s4ewTUdG2Q
4,VpzJCkRAma2-YpwZNz62pA
4,gT5JHVIo28Ijv6RW9MTExg
2,sVw7d4QTc2GIUHJupCch4Q
3,rMXZ5j8ajifxKYGR_a5hqw
1,7VjapRCKd6WdyvOvGNIr9g
3,Pmh3lEEnQtlnR-cUgeum1g
1,F5O2TC9MS_lOXYjWxqZO0g
1,fnQbzSdd4O5EDFF6oo8VqQ
3,KGXWQS628m6h5pjamHDvXQ
3,bwF3K5SsyawAgTdRkzzctw
2,DbUpby5JSWEvPzrpty2LFw
3,FGPVXyRqdQTjk_1-499y4w
2,MHODj27Reo3Q1YuWVHZYSg
1,CIFsuSFQDsLGhIqkewsQug
1,o0wxZSA1x887k35MXaU06w
2,bToBXHqsK0Ef5_zYWxg4vw
3,MIJ5mLgPSnWCI_-dGkTc4A
4,CcVWmn_TJDSfZbPK4SDRgw
2,TBbC2HZ2tZlwxo_lpzZRQw
2,Gm_jcuV6FuiMUW3BgJ51AQ
4,WSW0lZ4qZXXempUXD2istQ
5,PmIA9QY-C4fP2pxP1ldSmw
2,SU44aTXmrgrhzR_kyuu2eg
1,Z0DTX_FNdoq59segUjBT4Q
4,LEKbkN5M30wYVq7l4_8aYQ
5,GpdC7uSwBeKwVlRhgYYB3A
3,uqkJWK2xd6Exho84--TXyw
1,nyILMikzRZPegY2y8TUfYA
5,vYHDScgxiipMGqwk6zm_-A
5,J6RkpuW2Uh_KGezo-46Ofg
4,2AnlFOPO4Or2oKTWC6TLIg
4,v--nTsg3t1Z5VDWL9R9OSQ
5,FIspqZ7_cRDiWNdteOGDDw
1,N6cr59-ipj2Y8ybFzwxkBg
3,uNi_PQ_RCMcdZOgzoRxxSw
2,DWhUODhGk6kyNvW7SmR_IQ
1,q8O7s06vQN7GBJUx2lFBhg
2,BzVdvCF4SVsZxW0wjp5MLw
5,1uy-Mq61zi7PWfyqDNDZJw
5,2fyX9vreGeTGerkQUoL7XQ
1,VtN8c0UUeDDfbZol09L0Qw
1,Zm5GQAUzlCDIEBY2J9Q5ZQ
5,jGXJ4OWRTqeblVO3Qw_L1g
4,PoCAzklsw3i-QURsRMfnLw
5,hARgRQiVaE-E5v7M2ajh3A
4,DKjDW03QIWJpRYsbJviCtQ
2,Zf3y0JKme3kskfqzOp0nzA
2,C7g-TDJ4xg00xRvfspt1Xw
4,ScS4dO5qjjSK-2KwebYQsA
1,K6TD8Kuuj-QUfEV-YQS2_Q
2,FIqcRAuCc3MATdmG_eHoog
4,1U0OYD8oUjHXNhorxy3WnA
2,gEblyeNZcVfMGhQpUr-SQA
3,0FucwzNVXNzG3wFwhvFTvQ
5,5H5FJ-u8eHhvb4DrvFVnPw
4,9vyTHspkzeqwT-d7vSjjbA
3,dIICY4NovG-QZk6e0KmkKw
5,SfNHjM40yaCMaYvRuAXB4g
1,Os8GsNXLbAWOE9BCGVBfzg
5,euvJZZj9srKZoczCLTxsPA
5,32irl9ijSQBDRQyHcc_Jwg
4,1e6UplY0CAqe6HgHWEcHPA
1,b76otEWhemlwM8Bx-qZD4g
3,AnzRxb0iE5OtDj7cMitFeg
3,rf4_yYYOawpd40QpP_QUAQ
1,ONtizSAqCTVtsZG9QcY7VQ
5,X962aYm3pjpFa4I3pgrCqQ
3,GBC1UiffrJdxIs7PpnF66Q
1,LA6vPBDwZvXRDjo-dK37QA
5,qpC3vCCwbuMMWS4ynJTNfA
1,WfSav1e1ARPcEbrC8PWJZA
2,0iMBCKrJ34LijUZ2XVov3g
1,gMDWvIKjEWgx7CcZN00I2A
1,AK79-XkUmWP7RMWMo1mWCg
1,Q6nXMO8C6LLhccHXMSdjtg
3,XyVdP4WB33zv92ZR0gGrZg
3,DSdokN1AnRkMZQ5XnAIF9A
5,tpGP4fvycJQpaLFyWYqbPw
3,NS8hOTVPri_QVeSsfRgKcQ
3,Gl-44jAJnQGFp92L0A3RCQ
1,ohFdY3hUqRJkBnRNX9BmUQ
2,wb3mcDr54hqHZ9uvZERTRw
5,eNKFT_6RptFixVW_c-JNjg
4,3YmCxelm0FzXZQnyCf0bng
4,PkbOwx43SGD8MbG0RiIAwQ
1,91UASptWwHqOcuKQqYB5wQ
1,wZ3zyyV0kW5k2mU12JJeQg
2,yS2Gb63lUPVLHfiUuBKtlA
5,Emwn060ISOL1csc6HT6Y5w
3,6cS43IJo-F5DdYKgn7CcLw
5,yxQa7EYZ5LuQvBeFo6Ddfw
1,c63PWdTbaWquhWx2i_xlow
4,zd4RuW9LERSibzxx7NtZrA
5,hj9fzuBgciMUIbFqhEbLdw
4,4bE4PRNkEHnDxP23a0MfEQ
1,gH9uFPL5IYVYnT3pX_z5Jg
4,emFoFB0qgE8apNZk2Xw7sw
5,2BtFbcc30gQ9SHg1WzIfRg
1,TOIIVFmkae_a4Q0OfhqIwg
1,HXPUZqL5M9BI7FryYQ5QHA
4,E60ZtMW488GGjgZG1K2PKA
1,GAEadKWPZFTmNGBfYO4D4w
4,niC5w5FVier_ipdntxyxEA
4,4B3DvIvj-IGuUIncMlFQ6Q
2,BNDAe34Mxj--Brkzcfi4QA
1,i-I2kv0cSeK_N4skSkUFNg
4,L4HCA8ei7P3H1dJYuTyANA
5,MJdB_bltlB2Qmaa3gM97VA
1,V2IcQQRZZ-xyuWgaBA_EzQ
5,QHBaGjnsT3xZrOD1MiqzeA
4,GS1xC_-24NfSdMzfPby_eA
1,cdVBub1a3KIXxlXPCaSSmw
5,tntdu6_6VcfNDYUR0fuiCQ
4,6kgdfU7FgynO0p3zEGkfOQ
2,Pfp51v772PTnb_uiudrAIQ
3,X4tWxnk0brAeJRDMwuuKvw
5,8r8pt1Yt9Qoi9X-vTQJTbg
4,d3qC648zouIiFiDp1p3TRQ
5,AwxDrDQF4ZlK4Wel-4rQ2g
1,L-Tya95yuqn8S7XLUYfXXw
5,uHnKSq2RQFygLGCtmyIjCw
5,B9GDVEP_NVXEPEkBbSyHmw
1,jpXK-ttjS0MFPpxr9cFAIw
5,RSxAvoIQ5N6evKjJ-V5w8Q
5,wOxlJqxtWPWFUdWi-MjY3g
4,rH2TEHrVM6izoMvyoUyPvg
4,gSeZA-dEC8vS1exne6-2Sw
3,ZHLrDDubhkHMb6Z8jWsFkA
4,qftxIvpdr18h66sn4-SDBA
5,nFpbW-weFTDd1DpO8Pu8Vw
3,W_bVF2Ef1IGnyvVVUgXgEg
2,rhzUEaj5PURG53M0dKjiOQ
5,IJ2gJ-MZZHpNCuvxPngRIA
3,SNS3_eKXRFHSO-RPP-hTFw
5,B9wDYsn_mXtO0YnoKN8sLA
4,AvMcz1vYgHmqQbim7fwDGg
4,OBjZsI-ji3SEw8agXsGpjQ
4,1Q4RhYkMW1_pjKfe2yvF3w
2,-lrzA6IRMah3q6LMVlOfnA
1,4Yjt27CXRAQ0G5glehVuNw
4,NJlfjOxzCKWrQ_wwfsPtCA
1,6-sIDpNYsD7pOrLu-Do8JA
2,TKfDPKlkgtgDCKbl86ZMOg
2,ZMvVTdUjSvrOhWzc1Zi6aA
1,yZlqJ6SXYy7o2grRSdrqmg
1,wR3REK0P_vggyaOvCpYqNg
3,-IZc5etb8v7SIRDLK8P3Rw
3,Ux0M4z0tWkuL3-i08Dmzhw
1,GdrWVx2qm4-4oytCfVxEpg
4,X_uBDDHkrPS2DW4UtZ0YUg
5,S1AXefb2lmKYm2nfsrcGLg
3,OI4pOIUFv8GI8Z9E7fJXZw
4,bN5Jezd5TdToY3GWWW28yw
